[{"pk": 1, "model": "app.positioncategory", "fields": {"name": "QB"}}, {"pk": 2, "model": "app.positioncategory", "fields": {"name": "RB"}}, {"pk": 3, "model": "app.positioncategory", "fields": {"name": "WR"}}, {"pk": 4, "model": "app.positioncategory", "fields": {"name": "TE"}}, {"pk": 5, "model": "app.positioncategory", "fields": {"name": "OL"}}, {"pk": 6, "model": "app.positioncategory", "fields": {"name": "DL"}}, {"pk": 7, "model": "app.positioncategory", "fields": {"name": "LB"}}, {"pk": 8, "model": "app.positioncategory", "fields": {"name": "CB"}}, {"pk": 9, "model": "app.positioncategory", "fields": {"name": "S"}}, {"pk": 10, "model": "app.positioncategory", "fields": {"name": "SPEC"}}, {"pk": 1, "model": "app.position", "fields": {"category": 1, "name": "QB"}}, {"pk": 2, "model": "app.position", "fields": {"category": 2, "name": "RB"}}, {"pk": 3, "model": "app.position", "fields": {"category": 2, "name": "FB"}}, {"pk": 4, "model": "app.position", "fields": {"category": 3, "name": "WR"}}, {"pk": 5, "model": "app.position", "fields": {"category": 4, "name": "TE"}}, {"pk": 6, "model": "app.position", "fields": {"category": 5, "name": "OT"}}, {"pk": 7, "model": "app.position", "fields": {"category": 5, "name": "OG"}}, {"pk": 8, "model": "app.position", "fields": {"category": 5, "name": "OC"}}, {"pk": 9, "model": "app.position", "fields": {"category": 6, "name": "DE"}}, {"pk": 10, "model": "app.position", "fields": {"category": 6, "name": "DT"}}, {"pk": 11, "model": "app.position", "fields": {"category": 7, "name": "OLB"}}, {"pk": 12, "model": "app.position", "fields": {"category": 7, "name": "ILB"}}, {"pk": 13, "model": "app.position", "fields": {"category": 8, "name": "CB"}}, {"pk": 14, "model": "app.position", "fields": {"category": 9, "name": "FS"}}, {"pk": 15, "model": "app.position", "fields": {"category": 9, "name": "SS"}}, {"pk": 16, "model": "app.position", "fields": {"category": 10, "name": "K"}}, {"pk": 17, "model": "app.position", "fields": {"category": 10, "name": "P"}}, {"pk": 1, "model": "app.college", "fields": {"name": "Air Force"}}, {"pk": 2, "model": "app.college", "fields": {"name": "Akron"}}, {"pk": 3, "model": "app.college", "fields": {"name": "Alabama"}}, {"pk": 4, "model": "app.college", "fields": {"name": "Arizona"}}, {"pk": 5, "model": "app.college", "fields": {"name": "Arizona State"}}, {"pk": 6, "model": "app.college", "fields": {"name": "Arkansas"}}, {"pk": 7, "model": "app.college", "fields": {"name": "Arkansas State"}}, {"pk": 8, "model": "app.college", "fields": {"name": "Army"}}, {"pk": 9, "model": "app.college", "fields": {"name": "Auburn"}}, {"pk": 10, "model": "app.college", "fields": {"name": "Ball State"}}, {"pk": 11, "model": "app.college", "fields": {"name": "Baylor"}}, {"pk": 12, "model": "app.college", "fields": {"name": "Boise State"}}, {"pk": 13, "model": "app.college", "fields": {"name": "Boston College"}}, {"pk": 14, "model": "app.college", "fields": {"name": "Bowling Green"}}, {"pk": 15, "model": "app.college", "fields": {"name": "Buffalo"}}, {"pk": 16, "model": "app.college", "fields": {"name": "BYU"}}, {"pk": 17, "model": "app.college", "fields": {"name": "California"}}, {"pk": 18, "model": "app.college", "fields": {"name": "Central Florida"}}, {"pk": 19, "model": "app.college", "fields": {"name": "Central Michigan"}}, {"pk": 20, "model": "app.college", "fields": {"name": "Cincinnati"}}, {"pk": 21, "model": "app.college", "fields": {"name": "Clemson"}}, {"pk": 22, "model": "app.college", "fields": {"name": "Colorado"}}, {"pk": 23, "model": "app.college", "fields": {"name": "Colorado State"}}, {"pk": 24, "model": "app.college", "fields": {"name": "Connecticut"}}, {"pk": 25, "model": "app.college", "fields": {"name": "Duke"}}, {"pk": 26, "model": "app.college", "fields": {"name": "East Carolina"}}, {"pk": 27, "model": "app.college", "fields": {"name": "Eastern Michigan"}}, {"pk": 28, "model": "app.college", "fields": {"name": "Florida"}}, {"pk": 29, "model": "app.college", "fields": {"name": "Florida Atlantic"}}, {"pk": 30, "model": "app.college", "fields": {"name": "Florida International"}}, {"pk": 31, "model": "app.college", "fields": {"name": "Florida State"}}, {"pk": 32, "model": "app.college", "fields": {"name": "Fresno State"}}, {"pk": 33, "model": "app.college", "fields": {"name": "Georgia"}}, {"pk": 34, "model": "app.college", "fields": {"name": "Georgia State"}}, {"pk": 35, "model": "app.college", "fields": {"name": "Georgia Tech"}}, {"pk": 36, "model": "app.college", "fields": {"name": "Hawaii"}}, {"pk": 37, "model": "app.college", "fields": {"name": "Houston"}}, {"pk": 38, "model": "app.college", "fields": {"name": "Idaho"}}, {"pk": 39, "model": "app.college", "fields": {"name": "Illinois"}}, {"pk": 40, "model": "app.college", "fields": {"name": "Indiana"}}, {"pk": 41, "model": "app.college", "fields": {"name": "Iowa"}}, {"pk": 42, "model": "app.college", "fields": {"name": "Iowa State"}}, {"pk": 43, "model": "app.college", "fields": {"name": "Kansas"}}, {"pk": 44, "model": "app.college", "fields": {"name": "Kansas State"}}, {"pk": 45, "model": "app.college", "fields": {"name": "Kent State"}}, {"pk": 46, "model": "app.college", "fields": {"name": "Kentucky"}}, {"pk": 47, "model": "app.college", "fields": {"name": "Louisiana Tech"}}, {"pk": 48, "model": "app.college", "fields": {"name": "Louisiana Lafayette"}}, {"pk": 49, "model": "app.college", "fields": {"name": "Louisiana Monroe"}}, {"pk": 50, "model": "app.college", "fields": {"name": "Louisville"}}, {"pk": 51, "model": "app.college", "fields": {"name": "LSU"}}, {"pk": 52, "model": "app.college", "fields": {"name": "Marshall"}}, {"pk": 53, "model": "app.college", "fields": {"name": "Maryland"}}, {"pk": 54, "model": "app.college", "fields": {"name": "Memphis"}}, {"pk": 55, "model": "app.college", "fields": {"name": "Miami"}}, {"pk": 56, "model": "app.college", "fields": {"name": "Miami (OH)"}}, {"pk": 57, "model": "app.college", "fields": {"name": "Michigan"}}, {"pk": 58, "model": "app.college", "fields": {"name": "Michigan State"}}, {"pk": 59, "model": "app.college", "fields": {"name": "Middle Tennessee"}}, {"pk": 60, "model": "app.college", "fields": {"name": "Minnesota"}}, {"pk": 61, "model": "app.college", "fields": {"name": "Mississippi State"}}, {"pk": 62, "model": "app.college", "fields": {"name": "Missouri"}}, {"pk": 63, "model": "app.college", "fields": {"name": "Navy"}}, {"pk": 64, "model": "app.college", "fields": {"name": "NC State"}}, {"pk": 65, "model": "app.college", "fields": {"name": "Nebraska"}}, {"pk": 66, "model": "app.college", "fields": {"name": "Nevada"}}, {"pk": 67, "model": "app.college", "fields": {"name": "New Mexico"}}, {"pk": 68, "model": "app.college", "fields": {"name": "New Mexico State"}}, {"pk": 69, "model": "app.college", "fields": {"name": "North Carolina"}}, {"pk": 70, "model": "app.college", "fields": {"name": "North Texas"}}, {"pk": 71, "model": "app.college", "fields": {"name": "Northern Illinois"}}, {"pk": 72, "model": "app.college", "fields": {"name": "Northwestern"}}, {"pk": 73, "model": "app.college", "fields": {"name": "Notre Dame"}}, {"pk": 74, "model": "app.college", "fields": {"name": "Ohio"}}, {"pk": 75, "model": "app.college", "fields": {"name": "Ohio State"}}, {"pk": 76, "model": "app.college", "fields": {"name": "Oklahoma"}}, {"pk": 77, "model": "app.college", "fields": {"name": "Oklahoma State"}}, {"pk": 78, "model": "app.college", "fields": {"name": "Ole Miss"}}, {"pk": 79, "model": "app.college", "fields": {"name": "Oregon"}}, {"pk": 80, "model": "app.college", "fields": {"name": "Oregon State"}}, {"pk": 81, "model": "app.college", "fields": {"name": "Penn State"}}, {"pk": 82, "model": "app.college", "fields": {"name": "Pittsburgh"}}, {"pk": 83, "model": "app.college", "fields": {"name": "Purdue"}}, {"pk": 84, "model": "app.college", "fields": {"name": "Rice"}}, {"pk": 85, "model": "app.college", "fields": {"name": "Rutgers"}}, {"pk": 86, "model": "app.college", "fields": {"name": "San Diego State"}}, {"pk": 87, "model": "app.college", "fields": {"name": "San Jose State"}}, {"pk": 88, "model": "app.college", "fields": {"name": "SMU"}}, {"pk": 89, "model": "app.college", "fields": {"name": "South Alabama"}}, {"pk": 90, "model": "app.college", "fields": {"name": "South Carolina"}}, {"pk": 91, "model": "app.college", "fields": {"name": "South Florida"}}, {"pk": 92, "model": "app.college", "fields": {"name": "Southern Miss"}}, {"pk": 93, "model": "app.college", "fields": {"name": "Stanford"}}, {"pk": 94, "model": "app.college", "fields": {"name": "Syracuse"}}, {"pk": 95, "model": "app.college", "fields": {"name": "TCU"}}, {"pk": 96, "model": "app.college", "fields": {"name": "Temple"}}, {"pk": 97, "model": "app.college", "fields": {"name": "Tennessee"}}, {"pk": 98, "model": "app.college", "fields": {"name": "Texas"}}, {"pk": 99, "model": "app.college", "fields": {"name": "Texas A&M"}}, {"pk": 100, "model": "app.college", "fields": {"name": "Texas State"}}, {"pk": 101, "model": "app.college", "fields": {"name": "Texas Tech"}}, {"pk": 102, "model": "app.college", "fields": {"name": "Toledo"}}, {"pk": 103, "model": "app.college", "fields": {"name": "Troy"}}, {"pk": 104, "model": "app.college", "fields": {"name": "Tulane"}}, {"pk": 105, "model": "app.college", "fields": {"name": "Tulsa"}}, {"pk": 106, "model": "app.college", "fields": {"name": "UAB"}}, {"pk": 107, "model": "app.college", "fields": {"name": "UCLA"}}, {"pk": 108, "model": "app.college", "fields": {"name": "UMass"}}, {"pk": 109, "model": "app.college", "fields": {"name": "UNLV"}}, {"pk": 110, "model": "app.college", "fields": {"name": "USC"}}, {"pk": 111, "model": "app.college", "fields": {"name": "Utah State"}}, {"pk": 112, "model": "app.college", "fields": {"name": "Utah"}}, {"pk": 113, "model": "app.college", "fields": {"name": "UTEP"}}, {"pk": 114, "model": "app.college", "fields": {"name": "UTSA"}}, {"pk": 115, "model": "app.college", "fields": {"name": "Vanderbilt"}}, {"pk": 116, "model": "app.college", "fields": {"name": "Virginia"}}, {"pk": 117, "model": "app.college", "fields": {"name": "Virginia Tech"}}, {"pk": 118, "model": "app.college", "fields": {"name": "Wake Forest"}}, {"pk": 119, "model": "app.college", "fields": {"name": "Washington"}}, {"pk": 120, "model": "app.college", "fields": {"name": "Washington State"}}, {"pk": 121, "model": "app.college", "fields": {"name": "West Virginia"}}, {"pk": 122, "model": "app.college", "fields": {"name": "Western Kentucky"}}, {"pk": 123, "model": "app.college", "fields": {"name": "Western Michigan"}}, {"pk": 124, "model": "app.college", "fields": {"name": "Wisconsin"}}, {"pk": 125, "model": "app.college", "fields": {"name": "Wyoming"}}, {"pk": 1, "model": "app.player", "fields": {"grade": 95, "position": 6, "college": 99, "name": " Luke Joeckel"}}, {"pk": 2, "model": "app.player", "fields": {"grade": 94, "position": 10, "college": 28, "name": " Sharrif Floyd"}}, {"pk": 3, "model": "app.player", "fields": {"grade": 94, "position": 6, "college": 19, "name": " Eric Fisher"}}, {"pk": 4, "model": "app.player", "fields": {"grade": 94, "position": 7, "college": 3, "name": " Chance Warmack"}}, {"pk": 5, "model": "app.player", "fields": {"grade": 94, "position": 9, "college": 16, "name": " Ziggy Ansah"}}, {"pk": 6, "model": "app.player", "fields": {"grade": 94, "position": 9, "college": 79, "name": " Dion Jordan"}}, {"pk": 7, "model": "app.player", "fields": {"grade": 93, "position": 13, "college": 3, "name": " Dee Milliner"}}, {"pk": 8, "model": "app.player", "fields": {"grade": 93, "position": 6, "college": 76, "name": " Lane Johnson"}}, {"pk": 9, "model": "app.player", "fields": {"grade": 93, "position": 9, "college": 51, "name": " Barkevious Mingo"}}, {"pk": 10, "model": "app.player", "fields": {"grade": 92, "position": 10, "college": 112, "name": " Star Lotulelei"}}, {"pk": 11, "model": "app.player", "fields": {"grade": 91, "position": 4, "college": 121, "name": " Tavon Austin"}}, {"pk": 12, "model": "app.player", "fields": {"grade": 91, "position": 10, "college": 62, "name": " Sheldon Richardson"}}, {"pk": 13, "model": "app.player", "fields": {"grade": 91, "position": 14, "college": 30, "name": " John Cyprien"}}, {"pk": 14, "model": "app.player", "fields": {"grade": 91, "position": 4, "college": 97, "name": " Cordarrelle Patterson"}}, {"pk": 15, "model": "app.player", "fields": {"grade": 90, "position": 12, "college": 44, "name": " Arthur Brown"}}, {"pk": 16, "model": "app.player", "fields": {"grade": 89, "position": 11, "college": 33, "name": " Jarvis Jones"}}, {"pk": 17, "model": "app.player", "fields": {"grade": 88, "position": 7, "college": 46, "name": " Larry Warford"}}, {"pk": 18, "model": "app.player", "fields": {"grade": 88, "position": 9, "college": 31, "name": " Bjoern Werner"}}, {"pk": 19, "model": "app.player", "fields": {"grade": 88, "position": 1, "college": 121, "name": " Geno Smith"}}, {"pk": 20, "model": "app.player", "fields": {"grade": 88, "position": 9, "college": 99, "name": " Damontre Moore"}}, {"pk": 21, "model": "app.player", "fields": {"grade": 88, "position": 4, "college": 21, "name": " DeAndre Hopkins"}}, {"pk": 22, "model": "app.player", "fields": {"grade": 88, "position": 15, "college": 98, "name": " Kenny Vaccaro"}}, {"pk": 23, "model": "app.player", "fields": {"grade": 88, "position": 12, "college": 73, "name": " Manti Te'o"}}, {"pk": 24, "model": "app.player", "fields": {"grade": 87, "position": 7, "college": 69, "name": " Jonathan Cooper"}}, {"pk": 25, "model": "app.player", "fields": {"grade": 86, "position": 4, "college": 17, "name": " Keenan Allen"}}, {"pk": 26, "model": "app.player", "fields": {"grade": 86, "position": 13, "college": 31, "name": " Xavier Rhodes"}}, {"pk": 27, "model": "app.player", "fields": {"grade": 86, "position": 9, "college": 107, "name": " Datone Jones"}}, {"pk": 28, "model": "app.player", "fields": {"grade": 86, "position": 6, "college": 3, "name": " D.J. Fluker"}}, {"pk": 29, "model": "app.player", "fields": {"grade": 86, "position": 10, "college": 3, "name": " Jesse Williams"}}, {"pk": 30, "model": "app.player", "fields": {"grade": 86, "position": 13, "college": 12, "name": " Jamar Taylor"}}, {"pk": 31, "model": "app.player", "fields": {"grade": 85, "position": 9, "college": 31, "name": " Cornellius Carradine"}}, {"pk": 32, "model": "app.player", "fields": {"grade": 85, "position": 9, "college": 98, "name": " Alex Okafor"}}, {"pk": 33, "model": "app.player", "fields": {"grade": 85, "position": 13, "college": 37, "name": " D.J. Hayden"}}, {"pk": 34, "model": "app.player", "fields": {"grade": 85, "position": 6, "college": 31, "name": " Menelik Watson"}}, {"pk": 35, "model": "app.player", "fields": {"grade": 84, "position": 13, "college": 61, "name": " Johnthan Banks"}}, {"pk": 36, "model": "app.player", "fields": {"grade": 84, "position": 13, "college": 119, "name": " Desmond Trufant"}}, {"pk": 37, "model": "app.player", "fields": {"grade": 84, "position": 12, "college": 33, "name": " Alec Ogletree"}}, {"pk": 38, "model": "app.player", "fields": {"grade": 84, "position": 12, "college": 51, "name": " Kevin Minter"}}, {"pk": 39, "model": "app.player", "fields": {"grade": 84, "position": 6, "college": null, "name": " Terron Armstead"}}, {"pk": 40, "model": "app.player", "fields": {"grade": 84, "position": 2, "college": 69, "name": " Giovani Bernard"}}, {"pk": 41, "model": "app.player", "fields": {"grade": 84, "position": 4, "college": 47, "name": " Quinton Patton"}}, {"pk": 42, "model": "app.player", "fields": {"grade": 84, "position": 4, "college": 11, "name": " Terrance Williams"}}, {"pk": 43, "model": "app.player", "fields": {"grade": 84, "position": 10, "college": 75, "name": " Johnathan Hankins"}}, {"pk": 44, "model": "app.player", "fields": {"grade": 84, "position": 1, "college": 6, "name": " Tyler Wilson"}}, {"pk": 45, "model": "app.player", "fields": {"grade": 84, "position": 1, "college": 56, "name": " Zac Dysert"}}, {"pk": 46, "model": "app.player", "fields": {"grade": 83, "position": 5, "college": 73, "name": " Tyler Eifert"}}, {"pk": 47, "model": "app.player", "fields": {"grade": 83, "position": 4, "college": 110, "name": " Robert Woods"}}, {"pk": 48, "model": "app.player", "fields": {"grade": 83, "position": 9, "college": 31, "name": " Brandon Jenkins"}}, {"pk": 49, "model": "app.player", "fields": {"grade": 83, "position": 6, "college": 97, "name": " Dallas Thomas"}}, {"pk": 50, "model": "app.player", "fields": {"grade": 83, "position": 14, "college": 51, "name": " Eric Reid"}}, {"pk": 51, "model": "app.player", "fields": {"grade": 82, "position": 5, "college": 93, "name": " Zach Ertz"}}, {"pk": 52, "model": "app.player", "fields": {"grade": 82, "position": 1, "college": 110, "name": " Matt Barkley"}}, {"pk": 53, "model": "app.player", "fields": {"grade": 82, "position": 2, "college": 3, "name": " Eddie Lacy"}}, {"pk": 54, "model": "app.player", "fields": {"grade": 82, "position": 4, "college": 97, "name": " Justin Hunter"}}, {"pk": 55, "model": "app.player", "fields": {"grade": 82, "position": 4, "college": 80, "name": " Markus Wheaton"}}, {"pk": 56, "model": "app.player", "fields": {"grade": 81, "position": 15, "college": 90, "name": " D.J. Swearinger"}}, {"pk": 57, "model": "app.player", "fields": {"grade": 81, "position": 10, "college": 33, "name": " John Jenkins"}}, {"pk": 58, "model": "app.player", "fields": {"grade": 81, "position": 13, "college": null, "name": " Robert Alford"}}, {"pk": 59, "model": "app.player", "fields": {"grade": 81, "position": 13, "college": 86, "name": " Leon McFadden"}}, {"pk": 60, "model": "app.player", "fields": {"grade": 81, "position": 10, "college": 83, "name": " Kawann Short"}}, {"pk": 61, "model": "app.player", "fields": {"grade": 81, "position": 10, "college": 69, "name": " Sylvester Williams"}}, {"pk": 62, "model": "app.player", "fields": {"grade": 81, "position": 2, "college": 77, "name": " Joseph Randle"}}, {"pk": 63, "model": "app.player", "fields": {"grade": 81, "position": 5, "college": 28, "name": " Jordan Reed"}}, {"pk": 64, "model": "app.player", "fields": {"grade": 80, "position": 5, "college": 20, "name": " Travis Kelce"}}, {"pk": 65, "model": "app.player", "fields": {"grade": 80, "position": 14, "college": 28, "name": " Matt Elam"}}, {"pk": 66, "model": "app.player", "fields": {"grade": 80, "position": 2, "college": 21, "name": " Andre Ellington"}}, {"pk": 67, "model": "app.player", "fields": {"grade": 79, "position": 11, "college": 93, "name": " Chase Thomas"}}, {"pk": 68, "model": "app.player", "fields": {"grade": 79, "position": 1, "college": 64, "name": " Mike Glennon"}}, {"pk": 69, "model": "app.player", "fields": {"grade": 79, "position": 5, "college": 86, "name": " Gavin Escobar"}}, {"pk": 70, "model": "app.player", "fields": {"grade": 79, "position": 4, "college": 121, "name": " Stedman Bailey"}}, {"pk": 71, "model": "app.player", "fields": {"grade": 79, "position": 11, "college": 85, "name": " Khaseem Greene"}}, {"pk": 72, "model": "app.player", "fields": {"grade": 79, "position": 10, "college": 51, "name": " Bennie Logan"}}, {"pk": 73, "model": "app.player", "fields": {"grade": 79, "position": 1, "college": 94, "name": " Ryan Nassib"}}, {"pk": 74, "model": "app.player", "fields": {"grade": 79, "position": 8, "college": 124, "name": " Travis Frederick"}}, {"pk": 75, "model": "app.player", "fields": {"grade": 78, "position": 6, "college": 116, "name": " Oday Aboushi"}}, {"pk": 76, "model": "app.player", "fields": {"grade": 77, "position": 13, "college": 24, "name": " Blidi Wreh-Wilson"}}, {"pk": 77, "model": "app.player", "fields": {"grade": 77, "position": 6, "college": 75, "name": " Reid Fragel"}}, {"pk": 78, "model": "app.player", "fields": {"grade": 77, "position": 14, "college": null, "name": " J.J. Wilcox"}}, {"pk": 79, "model": "app.player", "fields": {"grade": 77, "position": 7, "college": 79, "name": " Kyle Long"}}, {"pk": 80, "model": "app.player", "fields": {"grade": 76, "position": 5, "college": 84, "name": " Vance McDonald"}}, {"pk": 81, "model": "app.player", "fields": {"grade": 76, "position": 9, "college": 122, "name": " Quanterus Smith"}}, {"pk": 82, "model": "app.player", "fields": {"grade": 76, "position": 2, "college": 124, "name": " Montee Ball"}}, {"pk": 83, "model": "app.player", "fields": {"grade": 75, "position": 9, "college": 88, "name": " Margus Hunt"}}, {"pk": 84, "model": "app.player", "fields": {"grade": 75, "position": 2, "college": 90, "name": " Marcus Lattimore"}}, {"pk": 85, "model": "app.player", "fields": {"grade": 75, "position": 15, "college": 33, "name": " Shawn Williams"}}, {"pk": 86, "model": "app.player", "fields": {"grade": 74, "position": 13, "college": 64, "name": " David Amerson"}}, {"pk": 87, "model": "app.player", "fields": {"grade": 74, "position": 4, "college": null, "name": " Da'Rick Rogers"}}, {"pk": 88, "model": "app.player", "fields": {"grade": 74, "position": 9, "college": 58, "name": " William Gholston"}}, {"pk": 89, "model": "app.player", "fields": {"grade": 74, "position": 15, "college": 32, "name": " Phillip Thomas"}}, {"pk": 90, "model": "app.player", "fields": {"grade": 74, "position": 13, "college": 80, "name": " Jordan Poyer"}}, {"pk": 91, "model": "app.player", "fields": {"grade": 74, "position": 13, "college": null, "name": " B.W. Webb"}}, {"pk": 92, "model": "app.player", "fields": {"grade": 73, "position": 14, "college": 76, "name": " Tony Jefferson"}}, {"pk": 93, "model": "app.player", "fields": {"grade": 73, "position": 10, "college": null, "name": " Brandon Williams"}}, {"pk": 94, "model": "app.player", "fields": {"grade": 73, "position": 9, "college": 112, "name": " Joe Kruger"}}, {"pk": 95, "model": "app.player", "fields": {"grade": 73, "position": 13, "college": 51, "name": " Tyrann Mathieu"}}, {"pk": 96, "model": "app.player", "fields": {"grade": 73, "position": 6, "college": 94, "name": " Justin Pugh"}}, {"pk": 97, "model": "app.player", "fields": {"grade": 73, "position": 4, "college": 6, "name": " Cobi Hamilton"}}, {"pk": 98, "model": "app.player", "fields": {"grade": 73, "position": 7, "college": 17, "name": " Matt Summers-Gavin"}}, {"pk": 99, "model": "app.player", "fields": {"grade": 73, "position": 2, "college": 93, "name": " Stepfan Taylor"}}, {"pk": 100, "model": "app.player", "fields": {"grade": 72, "position": 11, "college": 81, "name": " Gerald Hodges"}}, {"pk": 101, "model": "app.player", "fields": {"grade": 72, "position": 2, "college": 107, "name": " Johnathan Franklin"}}, {"pk": 102, "model": "app.player", "fields": {"grade": 72, "position": 4, "college": 95, "name": " Josh Boyce"}}, {"pk": 103, "model": "app.player", "fields": {"grade": 72, "position": 5, "college": 9, "name": " Philip Lutzenkirchen"}}, {"pk": 104, "model": "app.player", "fields": {"grade": 72, "position": 12, "college": 81, "name": " Michael Mauti"}}, {"pk": 105, "model": "app.player", "fields": {"grade": 72, "position": 4, "college": 52, "name": " Aaron Dobson"}}, {"pk": 106, "model": "app.player", "fields": {"grade": 72, "position": 12, "college": 69, "name": " Kevin Reddick"}}, {"pk": 107, "model": "app.player", "fields": {"grade": 71, "position": 2, "college": 99, "name": " Christine Michael"}}, {"pk": 108, "model": "app.player", "fields": {"grade": 71, "position": 10, "college": 31, "name": " Everett Dawkins"}}, {"pk": 109, "model": "app.player", "fields": {"grade": 71, "position": 9, "college": 51, "name": " Sam Montgomery"}}, {"pk": 110, "model": "app.player", "fields": {"grade": 71, "position": 2, "college": 58, "name": " Le'Veon Bell"}}, {"pk": 111, "model": "app.player", "fields": {"grade": 71, "position": 9, "college": 9, "name": " Corey Lemonier"}}, {"pk": 112, "model": "app.player", "fields": {"grade": 71, "position": 15, "college": 73, "name": " Zeke Motta"}}, {"pk": 113, "model": "app.player", "fields": {"grade": 71, "position": 7, "college": 45, "name": " Brian Winters"}}, {"pk": 114, "model": "app.player", "fields": {"grade": 71, "position": 7, "college": 3, "name": " Barrett Jones"}}, {"pk": 115, "model": "app.player", "fields": {"grade": 71, "position": 11, "college": 99, "name": " Sean Porter"}}, {"pk": 116, "model": "app.player", "fields": {"grade": 71, "position": 13, "college": 111, "name": " Will Davis"}}, {"pk": 117, "model": "app.player", "fields": {"grade": 71, "position": 2, "college": 85, "name": " Jawan Jamison"}}, {"pk": 118, "model": "app.player", "fields": {"grade": 71, "position": 8, "college": 110, "name": " Khaled Holmes"}}, {"pk": 119, "model": "app.player", "fields": {"grade": 71, "position": 8, "college": 17, "name": " Brian Schwenke"}}, {"pk": 120, "model": "app.player", "fields": {"grade": 71, "position": 13, "college": 61, "name": " Darius Slay"}}, {"pk": 121, "model": "app.player", "fields": {"grade": 71, "position": 6, "college": 69, "name": " Brennan Williams"}}, {"pk": 122, "model": "app.player", "fields": {"grade": 71, "position": 4, "college": 112, "name": " DeVonte Christopher"}}, {"pk": 123, "model": "app.player", "fields": {"grade": 71, "position": 2, "college": 82, "name": " Ray Graham"}}, {"pk": 124, "model": "app.player", "fields": {"grade": 71, "position": 9, "college": 75, "name": " John Simon"}}, {"pk": 125, "model": "app.player", "fields": {"grade": 71, "position": 11, "college": 90, "name": " DeVonte Holloman"}}, {"pk": 126, "model": "app.player", "fields": {"grade": 71, "position": 6, "college": 22, "name": " David Bakhtiari"}}, {"pk": 127, "model": "app.player", "fields": {"grade": 71, "position": 11, "college": null, "name": " Keith Pough"}}, {"pk": 128, "model": "app.player", "fields": {"grade": 70, "position": 2, "college": 28, "name": " Mike Gillislee"}}, {"pk": 129, "model": "app.player", "fields": {"grade": 70, "position": 4, "college": 57, "name": " Denard Robinson"}}, {"pk": 130, "model": "app.player", "fields": {"grade": 70, "position": 13, "college": 51, "name": " Tharold Simon"}}, {"pk": 131, "model": "app.player", "fields": {"grade": 70, "position": 2, "college": 6, "name": " Dennis Johnson"}}, {"pk": 132, "model": "app.player", "fields": {"grade": 70, "position": 11, "college": 62, "name": " Zaviar Gooden"}}, {"pk": 133, "model": "app.player", "fields": {"grade": 70, "position": 4, "college": 33, "name": " Tavarres King"}}, {"pk": 134, "model": "app.player", "fields": {"grade": 70, "position": 9, "college": 61, "name": " Josh Boyd"}}, {"pk": 135, "model": "app.player", "fields": {"grade": 70, "position": 15, "college": 94, "name": " Shamarko Thomas"}}, {"pk": 136, "model": "app.player", "fields": {"grade": 70, "position": 16, "college": 31, "name": " Dustin Hopkins"}}, {"pk": 137, "model": "app.player", "fields": {"grade": 70, "position": 9, "college": 39, "name": " Michael Buchanan"}}, {"pk": 138, "model": "app.player", "fields": {"grade": 69, "position": 11, "college": 33, "name": " Cornelius Washington"}}, {"pk": 139, "model": "app.player", "fields": {"grade": 69, "position": 2, "college": 79, "name": " Kenjon Barner"}}, {"pk": 140, "model": "app.player", "fields": {"grade": 69, "position": 6, "college": 87, "name": " David Quessenberry"}}, {"pk": 141, "model": "app.player", "fields": {"grade": 69, "position": 4, "college": 48, "name": " Javone Lawson"}}, {"pk": 142, "model": "app.player", "fields": {"grade": 69, "position": 6, "college": 124, "name": " Ricky Wagner"}}, {"pk": 143, "model": "app.player", "fields": {"grade": 69, "position": 10, "college": 91, "name": " Cory Grissom"}}, {"pk": 144, "model": "app.player", "fields": {"grade": 69, "position": 13, "college": 39, "name": " Terry Hawthorne"}}, {"pk": 145, "model": "app.player", "fields": {"grade": 69, "position": 2, "college": 115, "name": " Zac Stacy"}}, {"pk": 146, "model": "app.player", "fields": {"grade": 69, "position": 13, "college": 85, "name": " Logan Ryan"}}, {"pk": 147, "model": "app.player", "fields": {"grade": 69, "position": 5, "college": 3, "name": " Michael Williams"}}, {"pk": 148, "model": "app.player", "fields": {"grade": 69, "position": 11, "college": 92, "name": " Jamie Collins"}}, {"pk": 149, "model": "app.player", "fields": {"grade": 69, "position": 9, "college": 51, "name": " Lavar Edwards"}}, {"pk": 150, "model": "app.player", "fields": {"grade": 69, "position": 9, "college": 75, "name": " Nate Williams"}}, {"pk": 151, "model": "app.player", "fields": {"grade": 69, "position": 10, "college": null, "name": " Montori Hughes"}}, {"pk": 152, "model": "app.player", "fields": {"grade": 69, "position": 1, "college": 31, "name": " EJ Manuel"}}, {"pk": 153, "model": "app.player", "fields": {"grade": 69, "position": 13, "college": 33, "name": " Sanders Commings"}}, {"pk": 154, "model": "app.player", "fields": {"grade": 69, "position": 4, "college": 98, "name": " Marquise Goodwin"}}, {"pk": 155, "model": "app.player", "fields": {"grade": 68, "position": 11, "college": 24, "name": " Sio Moore"}}, {"pk": 156, "model": "app.player", "fields": {"grade": 68, "position": 13, "college": 17, "name": " Marc Anthony"}}, {"pk": 157, "model": "app.player", "fields": {"grade": 68, "position": 13, "college": 58, "name": " Johnny Adams"}}, {"pk": 158, "model": "app.player", "fields": {"grade": 68, "position": 6, "college": null, "name": " Luke Marquardt"}}, {"pk": 159, "model": "app.player", "fields": {"grade": 68, "position": 7, "college": null, "name": " Earl Watford"}}, {"pk": 160, "model": "app.player", "fields": {"grade": 68, "position": 14, "college": 28, "name": " Josh Evans"}}, {"pk": 161, "model": "app.player", "fields": {"grade": 68, "position": 4, "college": 44, "name": " Chris Harper"}}, {"pk": 162, "model": "app.player", "fields": {"grade": 68, "position": 9, "college": 95, "name": " Stansly Maponga"}}, {"pk": 163, "model": "app.player", "fields": {"grade": 68, "position": 4, "college": null, "name": " Brandon Kaufman"}}, {"pk": 164, "model": "app.player", "fields": {"grade": 68, "position": 13, "college": 50, "name": " Adrian Bushell"}}, {"pk": 165, "model": "app.player", "fields": {"grade": 68, "position": 4, "college": 90, "name": " Ace Sanders"}}, {"pk": 166, "model": "app.player", "fields": {"grade": 68, "position": 9, "college": null, "name": " Ty Powell"}}, {"pk": 167, "model": "app.player", "fields": {"grade": 68, "position": 7, "college": 39, "name": " Hugh Thornton"}}, {"pk": 168, "model": "app.player", "fields": {"grade": 68, "position": 1, "college": 97, "name": " Tyler Bray"}}, {"pk": 169, "model": "app.player", "fields": {"grade": 68, "position": 10, "college": 31, "name": " Anthony McCloud"}}, {"pk": 170, "model": "app.player", "fields": {"grade": 68, "position": 14, "college": 66, "name": " Duke Williams"}}, {"pk": 171, "model": "app.player", "fields": {"grade": 68, "position": 9, "college": 21, "name": " Malliciah Goodman"}}, {"pk": 172, "model": "app.player", "fields": {"grade": 68, "position": 13, "college": 61, "name": " Corey Broomfield"}}, {"pk": 173, "model": "app.player", "fields": {"grade": 68, "position": 15, "college": 79, "name": " John Boyett"}}, {"pk": 174, "model": "app.player", "fields": {"grade": 68, "position": 6, "college": 117, "name": " Nick Becton"}}, {"pk": 175, "model": "app.player", "fields": {"grade": 67, "position": 4, "college": 99, "name": " Ryan Swope"}}, {"pk": 176, "model": "app.player", "fields": {"grade": 67, "position": 4, "college": 120, "name": " Marquess Wilson"}}, {"pk": 177, "model": "app.player", "fields": {"grade": 67, "position": 9, "college": 30, "name": " Tourek Williams"}}, {"pk": 178, "model": "app.player", "fields": {"grade": 67, "position": 6, "college": 28, "name": " Xavier Nixon"}}, {"pk": 179, "model": "app.player", "fields": {"grade": 67, "position": 13, "college": 83, "name": " Josh Johnson"}}, {"pk": 180, "model": "app.player", "fields": {"grade": 67, "position": 1, "college": 76, "name": " Landry Jones"}}, {"pk": 181, "model": "app.player", "fields": {"grade": 67, "position": 12, "college": 79, "name": " Kiko Alonso"}}, {"pk": 182, "model": "app.player", "fields": {"grade": 67, "position": 7, "college": 6, "name": " Alvin Bailey"}}, {"pk": 183, "model": "app.player", "fields": {"grade": 67, "position": 13, "college": 31, "name": " Greg Reid"}}, {"pk": 184, "model": "app.player", "fields": {"grade": 67, "position": 5, "college": 58, "name": " Dion Sims"}}, {"pk": 185, "model": "app.player", "fields": {"grade": 67, "position": 13, "college": null, "name": " Daxton Swanson"}}, {"pk": 186, "model": "app.player", "fields": {"grade": 67, "position": 6, "college": 47, "name": " Jordan Mills"}}, {"pk": 187, "model": "app.player", "fields": {"grade": 67, "position": 4, "college": 4, "name": " Dan Buckner"}}, {"pk": 188, "model": "app.player", "fields": {"grade": 67, "position": 7, "college": 57, "name": " Patrick Omameh"}}, {"pk": 189, "model": "app.player", "fields": {"grade": 67, "position": 4, "college": 5, "name": " Jamal Miles"}}, {"pk": 190, "model": "app.player", "fields": {"grade": 67, "position": 14, "college": 110, "name": " T.J. McDonald"}}, {"pk": 191, "model": "app.player", "fields": {"grade": 67, "position": 7, "college": 66, "name": " Chris Barker"}}, {"pk": 192, "model": "app.player", "fields": {"grade": 66, "position": 10, "college": 17, "name": " Aaron Tipoti"}}, {"pk": 193, "model": "app.player", "fields": {"grade": 66, "position": 9, "college": 24, "name": " Trevardo Williams"}}, {"pk": 194, "model": "app.player", "fields": {"grade": 66, "position": 10, "college": 39, "name": " Akeem Spence"}}, {"pk": 195, "model": "app.player", "fields": {"grade": 66, "position": 9, "college": null, "name": " David Bass"}}, {"pk": 196, "model": "app.player", "fields": {"grade": 66, "position": 4, "college": 76, "name": " Kenny Stills"}}, {"pk": 197, "model": "app.player", "fields": {"grade": 66, "position": 5, "college": 93, "name": " Levine Toilolo"}}, {"pk": 198, "model": "app.player", "fields": {"grade": 66, "position": 4, "college": 31, "name": " Rodney Smith"}}, {"pk": 199, "model": "app.player", "fields": {"grade": 66, "position": 14, "college": 22, "name": " Ray Polk"}}, {"pk": 200, "model": "app.player", "fields": {"grade": 65, "position": 7, "college": 18, "name": " Theo Goins"}}, {"pk": 201, "model": "app.player", "fields": {"grade": 65, "position": 13, "college": 35, "name": " Rod Sweeting"}}, {"pk": 202, "model": "app.player", "fields": {"grade": 65, "position": 11, "college": 28, "name": " Jelani Jenkins"}}, {"pk": 203, "model": "app.player", "fields": {"grade": 65, "position": 6, "college": 101, "name": " LaAdrian Waddle"}}, {"pk": 204, "model": "app.player", "fields": {"grade": 65, "position": 13, "college": 112, "name": " Ryan Lacy"}}, {"pk": 205, "model": "app.player", "fields": {"grade": 65, "position": 12, "college": 3, "name": " Nico Johnson"}}, {"pk": 206, "model": "app.player", "fields": {"grade": 65, "position": 10, "college": 81, "name": " Jordan Hill"}}, {"pk": 207, "model": "app.player", "fields": {"grade": 65, "position": 9, "college": 62, "name": " Brad Madison"}}, {"pk": 208, "model": "app.player", "fields": {"grade": 65, "position": 12, "college": 95, "name": " Kenny Cain"}}, {"pk": 209, "model": "app.player", "fields": {"grade": 64, "position": 7, "college": 47, "name": " Oscar Johnson"}}, {"pk": 210, "model": "app.player", "fields": {"grade": 64, "position": 11, "college": 5, "name": " Brandon Magee"}}, {"pk": 211, "model": "app.player", "fields": {"grade": 64, "position": 6, "college": 51, "name": " Chris Faulk"}}, {"pk": 212, "model": "app.player", "fields": {"grade": 64, "position": 3, "college": 75, "name": " Zach Boren"}}, {"pk": 213, "model": "app.player", "fields": {"grade": 64, "position": 6, "college": null, "name": " J.C. Tretter"}}, {"pk": 214, "model": "app.player", "fields": {"grade": 64, "position": 12, "college": 117, "name": " Bruce Taylor"}}, {"pk": 215, "model": "app.player", "fields": {"grade": 64, "position": 4, "college": 117, "name": " Marcus Davis"}}, {"pk": 216, "model": "app.player", "fields": {"grade": 64, "position": 2, "college": 88, "name": " Zach Line"}}, {"pk": 217, "model": "app.player", "fields": {"grade": 64, "position": 9, "college": 87, "name": " Travis Johnson"}}, {"pk": 218, "model": "app.player", "fields": {"grade": 63, "position": 15, "college": 64, "name": " Earl Wolff"}}, {"pk": 219, "model": "app.player", "fields": {"grade": 63, "position": 5, "college": 65, "name": " Ben Cotton"}}, {"pk": 220, "model": "app.player", "fields": {"grade": 63, "position": 9, "college": null, "name": " Marquis Jackson"}}, {"pk": 221, "model": "app.player", "fields": {"grade": 63, "position": 5, "college": 90, "name": " Justice Cunningham"}}, {"pk": 222, "model": "app.player", "fields": {"grade": 63, "position": 9, "college": 90, "name": " Devin Taylor"}}, {"pk": 223, "model": "app.player", "fields": {"grade": 63, "position": 2, "college": 18, "name": " Latavius Murray"}}, {"pk": 224, "model": "app.player", "fields": {"grade": 63, "position": 4, "college": 69, "name": " Erik Highsmith"}}, {"pk": 225, "model": "app.player", "fields": {"grade": 63, "position": 8, "college": 39, "name": " Graham Pocic"}}, {"pk": 226, "model": "app.player", "fields": {"grade": 62, "position": 13, "college": 107, "name": " Sheldon Price"}}, {"pk": 227, "model": "app.player", "fields": {"grade": 62, "position": 11, "college": 120, "name": " Travis Long"}}, {"pk": 228, "model": "app.player", "fields": {"grade": 62, "position": 5, "college": 87, "name": " Ryan Otten"}}, {"pk": 229, "model": "app.player", "fields": {"grade": 62, "position": 12, "college": 28, "name": " Jon Bostic"}}, {"pk": 230, "model": "app.player", "fields": {"grade": 62, "position": 13, "college": 24, "name": " Dwayne Gratz"}}, {"pk": 231, "model": "app.player", "fields": {"grade": 62, "position": 8, "college": 50, "name": " Mario Benavides"}}, {"pk": 232, "model": "app.player", "fields": {"grade": 62, "position": 16, "college": 77, "name": " Quinn Sharp"}}, {"pk": 233, "model": "app.player", "fields": {"grade": 62, "position": 13, "college": 66, "name": " Khalid Wooten"}}, {"pk": 234, "model": "app.player", "fields": {"grade": 62, "position": 13, "college": 41, "name": " Micah Hyde"}}, {"pk": 235, "model": "app.player", "fields": {"grade": 62, "position": 10, "college": null, "name": " Brent Russell"}}, {"pk": 236, "model": "app.player", "fields": {"grade": 61, "position": 15, "college": 33, "name": " Bacarri Rambo"}}, {"pk": 237, "model": "app.player", "fields": {"grade": 61, "position": 11, "college": 75, "name": " Etienne Sabino"}}, {"pk": 238, "model": "app.player", "fields": {"grade": 61, "position": 4, "college": null, "name": " Aaron Mellette"}}, {"pk": 239, "model": "app.player", "fields": {"grade": 61, "position": 6, "college": null, "name": " Manase Foketi"}}, {"pk": 240, "model": "app.player", "fields": {"grade": 61, "position": 6, "college": null, "name": " Mark Jackson"}}, {"pk": 241, "model": "app.player", "fields": {"grade": 61, "position": 2, "college": 73, "name": " Cierre Wood"}}, {"pk": 242, "model": "app.player", "fields": {"grade": 61, "position": 9, "college": 20, "name": " Walter Stewart"}}, {"pk": 243, "model": "app.player", "fields": {"grade": 61, "position": 9, "college": null, "name": " Armonty Bryant"}}, {"pk": 244, "model": "app.player", "fields": {"grade": 61, "position": 6, "college": null, "name": " Rogers Gaines"}}, {"pk": 245, "model": "app.player", "fields": {"grade": 61, "position": 5, "college": 107, "name": " Joseph Fauria"}}, {"pk": 246, "model": "app.player", "fields": {"grade": 61, "position": 2, "college": 5, "name": " Cameron Marshall"}}, {"pk": 247, "model": "app.player", "fields": {"grade": 61, "position": 4, "college": 99, "name": " Uzoma Nwachukwu"}}, {"pk": 248, "model": "app.player", "fields": {"grade": 61, "position": 13, "college": 44, "name": " Nigel Malone"}}, {"pk": 249, "model": "app.player", "fields": {"grade": 60, "position": 2, "college": 6, "name": " Knile Davis"}}, {"pk": 250, "model": "app.player", "fields": {"grade": 60, "position": 12, "college": 85, "name": " Steve Beauharnais"}}, {"pk": 251, "model": "app.player", "fields": {"grade": 60, "position": 11, "college": 42, "name": " Jake Knott"}}, {"pk": 252, "model": "app.player", "fields": {"grade": 60, "position": 5, "college": 85, "name": " D.C. Jefferson"}}, {"pk": 253, "model": "app.player", "fields": {"grade": 60, "position": 8, "college": 21, "name": " Dalton Freeman"}}, {"pk": 254, "model": "app.player", "fields": {"grade": 60, "position": 13, "college": 55, "name": " Brandon McGee"}}, {"pk": 255, "model": "app.player", "fields": {"grade": 60, "position": 2, "college": 32, "name": " Robbie Rouse"}}, {"pk": 256, "model": "app.player", "fields": {"grade": 60, "position": 5, "college": 22, "name": " Nick Kasa"}}, {"pk": 257, "model": "app.player", "fields": {"grade": 60, "position": 4, "college": 85, "name": " Mark Harrison"}}, {"pk": 258, "model": "app.player", "fields": {"grade": 60, "position": 6, "college": 13, "name": " John Wetzel"}}, {"pk": 259, "model": "app.player", "fields": {"grade": 60, "position": 10, "college": 33, "name": " Kwame Geathers"}}, {"pk": 260, "model": "app.player", "fields": {"grade": 60, "position": 13, "college": 110, "name": " Nickell Robey"}}, {"pk": 261, "model": "app.player", "fields": {"grade": 60, "position": 4, "college": 62, "name": " T.J. Moe"}}, {"pk": 262, "model": "app.player", "fields": {"grade": 60, "position": 2, "college": 66, "name": " Stefphon Jefferson"}}, {"pk": 263, "model": "app.player", "fields": {"grade": 60, "position": 4, "college": 61, "name": " Chad Bumphis"}}, {"pk": 264, "model": "app.player", "fields": {"grade": 60, "position": 9, "college": 57, "name": " Craig Roh"}}, {"pk": 265, "model": "app.player", "fields": {"grade": 60, "position": 11, "college": 124, "name": " Mike Taylor"}}, {"pk": 266, "model": "app.player", "fields": {"grade": 60, "position": 3, "college": 4, "name": " Taimi Tutogi"}}, {"pk": 267, "model": "app.player", "fields": {"grade": 60, "position": 7, "college": 107, "name": " Jeff Baca"}}, {"pk": 268, "model": "app.player", "fields": {"grade": 60, "position": 15, "college": 73, "name": " Jamoris Slaughter"}}, {"pk": 269, "model": "app.player", "fields": {"grade": 60, "position": 13, "college": 48, "name": " Melvin White"}}, {"pk": 270, "model": "app.player", "fields": {"grade": 60, "position": 9, "college": 35, "name": " Izaan Cross"}}, {"pk": 271, "model": "app.player", "fields": {"grade": 59, "position": 4, "college": 41, "name": " Keenan Davis"}}, {"pk": 272, "model": "app.player", "fields": {"grade": 59, "position": 16, "college": 28, "name": " Caleb Sturgis"}}, {"pk": 273, "model": "app.player", "fields": {"grade": 59, "position": 7, "college": 9, "name": " John Sullen"}}, {"pk": 274, "model": "app.player", "fields": {"grade": 59, "position": 3, "college": 44, "name": " Braden Wilson"}}, {"pk": 275, "model": "app.player", "fields": {"grade": 59, "position": 2, "college": 51, "name": " Spencer Ware"}}, {"pk": 276, "model": "app.player", "fields": {"grade": 59, "position": 2, "college": 51, "name": " Michael Ford"}}, {"pk": 277, "model": "app.player", "fields": {"grade": 59, "position": 3, "college": 31, "name": " Lonnie Pryor"}}, {"pk": 278, "model": "app.player", "fields": {"grade": 59, "position": 8, "college": 90, "name": " T.J. Johnson"}}, {"pk": 279, "model": "app.player", "fields": {"grade": 59, "position": 2, "college": null, "name": " Miguel Maysonet"}}, {"pk": 280, "model": "app.player", "fields": {"grade": 59, "position": 13, "college": 17, "name": " Steve Williams"}}, {"pk": 281, "model": "app.player", "fields": {"grade": 59, "position": 7, "college": 35, "name": " Omoregie Uzzi"}}, {"pk": 282, "model": "app.player", "fields": {"grade": 59, "position": 4, "college": 88, "name": " Darius Johnson"}}, {"pk": 283, "model": "app.player", "fields": {"grade": 59, "position": 5, "college": 6, "name": " Chris Gragg"}}, {"pk": 284, "model": "app.player", "fields": {"grade": 59, "position": 6, "college": 23, "name": " Joe Caprioglio"}}, {"pk": 285, "model": "app.player", "fields": {"grade": 59, "position": 2, "college": 12, "name": " D.J. Harper"}}, {"pk": 286, "model": "app.player", "fields": {"grade": 59, "position": 2, "college": 20, "name": " George Winn"}}, {"pk": 287, "model": "app.player", "fields": {"grade": 59, "position": 3, "college": null, "name": " Kyle Juszczyk"}}, {"pk": 288, "model": "app.player", "fields": {"grade": 59, "position": 4, "college": 9, "name": " Emory Blake"}}, {"pk": 289, "model": "app.player", "fields": {"grade": 59, "position": 11, "college": 53, "name": " Kenny Tate"}}, {"pk": 290, "model": "app.player", "fields": {"grade": 59, "position": 4, "college": 57, "name": " Roy Roundtree"}}, {"pk": 291, "model": "app.player", "fields": {"grade": 58, "position": 8, "college": 51, "name": " P.J. Lonergan"}}, {"pk": 292, "model": "app.player", "fields": {"grade": 58, "position": 9, "college": 33, "name": " Abry Jones"}}, {"pk": 293, "model": "app.player", "fields": {"grade": 58, "position": 7, "college": 112, "name": " Sam Brenner"}}, {"pk": 294, "model": "app.player", "fields": {"grade": 58, "position": 12, "college": 57, "name": " Kenny Demens"}}, {"pk": 295, "model": "app.player", "fields": {"grade": 58, "position": 6, "college": null, "name": " Garrett Gilkey"}}, {"pk": 296, "model": "app.player", "fields": {"grade": 58, "position": 11, "college": 28, "name": " Lerentee McCray"}}, {"pk": 297, "model": "app.player", "fields": {"grade": 58, "position": 15, "college": 57, "name": " Jordan Kovacs"}}, {"pk": 298, "model": "app.player", "fields": {"grade": 58, "position": 4, "college": 7, "name": " Josh Jarboe"}}, {"pk": 299, "model": "app.player", "fields": {"grade": 58, "position": 13, "college": 62, "name": " Kip Edwards"}}, {"pk": 300, "model": "app.player", "fields": {"grade": 58, "position": 10, "college": 58, "name": " Anthony Rashad White"}}, {"pk": 301, "model": "app.player", "fields": {"grade": 58, "position": 6, "college": 13, "name": " Emmett Cleary"}}, {"pk": 302, "model": "app.player", "fields": {"grade": 57, "position": 13, "college": 75, "name": " Travis Howard"}}, {"pk": 303, "model": "app.player", "fields": {"grade": 57, "position": 12, "college": 90, "name": " Shaq Wilson"}}, {"pk": 304, "model": "app.player", "fields": {"grade": 57, "position": 8, "college": 73, "name": " Braxston Cave"}}, {"pk": 305, "model": "app.player", "fields": {"grade": 57, "position": 13, "college": 76, "name": " Demontre Hurst"}}, {"pk": 306, "model": "app.player", "fields": {"grade": 57, "position": 12, "college": 76, "name": " Tom Wort"}}, {"pk": 307, "model": "app.player", "fields": {"grade": 57, "position": 5, "college": 84, "name": " Luke Willson"}}, {"pk": 308, "model": "app.player", "fields": {"grade": 57, "position": 9, "college": null, "name": " Rufus Johnson"}}, {"pk": 309, "model": "app.player", "fields": {"grade": 57, "position": 6, "college": 85, "name": " R.J. Dill"}}, {"pk": 310, "model": "app.player", "fields": {"grade": 57, "position": 2, "college": 111, "name": " Kerwynn Williams"}}, {"pk": 311, "model": "app.player", "fields": {"grade": 57, "position": 14, "college": 3, "name": " Robert Lester"}}, {"pk": 312, "model": "app.player", "fields": {"grade": 57, "position": 2, "college": 65, "name": " Rex Burkhead"}}, {"pk": 313, "model": "app.player", "fields": {"grade": 56, "position": 9, "college": 110, "name": " Wes Horton"}}, {"pk": 314, "model": "app.player", "fields": {"grade": 56, "position": 7, "college": 57, "name": " William Campbell"}}, {"pk": 315, "model": "app.player", "fields": {"grade": 56, "position": 11, "college": 61, "name": " Cameron Lawrence"}}, {"pk": 316, "model": "app.player", "fields": {"grade": 56, "position": 12, "college": 42, "name": " A.J. Klein"}}, {"pk": 317, "model": "app.player", "fields": {"grade": 56, "position": 4, "college": null, "name": " Tyrone Goard"}}, {"pk": 318, "model": "app.player", "fields": {"grade": 56, "position": 4, "college": 94, "name": " Marcus Sales"}}, {"pk": 319, "model": "app.player", "fields": {"grade": 56, "position": 4, "college": 117, "name": " Corey Fuller"}}, {"pk": 320, "model": "app.player", "fields": {"grade": 56, "position": 13, "college": 36, "name": " Mike Edwards"}}, {"pk": 321, "model": "app.player", "fields": {"grade": 56, "position": 2, "college": 95, "name": " Matthew Tucker"}}, {"pk": 322, "model": "app.player", "fields": {"grade": 56, "position": 9, "college": 3, "name": " Quinton Dial"}}, {"pk": 323, "model": "app.player", "fields": {"grade": 56, "position": 5, "college": 53, "name": " Matt Furstenburg"}}, {"pk": 324, "model": "app.player", "fields": {"grade": 56, "position": 9, "college": 73, "name": " Kapron Lewis-Moore"}}, {"pk": 325, "model": "app.player", "fields": {"grade": 56, "position": 7, "college": 95, "name": " Blaize Foltz"}}, {"pk": 326, "model": "app.player", "fields": {"grade": 55, "position": 15, "college": 21, "name": " Rashard Hall"}}, {"pk": 327, "model": "app.player", "fields": {"grade": 55, "position": 1, "college": 4, "name": " Matt Scott"}}, {"pk": 328, "model": "app.player", "fields": {"grade": 55, "position": 8, "college": 41, "name": " James Ferentz"}}, {"pk": 329, "model": "app.player", "fields": {"grade": 55, "position": 4, "college": 25, "name": " Conner Vernon"}}, {"pk": 330, "model": "app.player", "fields": {"grade": 55, "position": 10, "college": 76, "name": " Jamarkus McFarland"}}, {"pk": 331, "model": "app.player", "fields": {"grade": 55, "position": 10, "college": 14, "name": " Chris Jones"}}, {"pk": 332, "model": "app.player", "fields": {"grade": 55, "position": 6, "college": 123, "name": " Dann O'Neill"}}, {"pk": 333, "model": "app.player", "fields": {"grade": 55, "position": 5, "college": 122, "name": " Jack Doyle"}}, {"pk": 334, "model": "app.player", "fields": {"grade": 55, "position": 13, "college": null, "name": " Demetrius McCray"}}, {"pk": 335, "model": "app.player", "fields": {"grade": 55, "position": 1, "college": 44, "name": " Collin Klein"}}, {"pk": 336, "model": "app.player", "fields": {"grade": 55, "position": 13, "college": 107, "name": " Aaron Hester"}}, {"pk": 337, "model": "app.player", "fields": {"grade": 55, "position": 1, "college": null, "name": " Brad Sorensen"}}, {"pk": 338, "model": "app.player", "fields": {"grade": 55, "position": 14, "college": 43, "name": " Bradley McDougald"}}, {"pk": 339, "model": "app.player", "fields": {"grade": 55, "position": 10, "college": 65, "name": " Baker Steinkuhler"}}, {"pk": 340, "model": "app.player", "fields": {"grade": 55, "position": 14, "college": null, "name": " Cooper Taylor"}}, {"pk": 341, "model": "app.player", "fields": {"grade": 55, "position": 7, "college": 69, "name": " Travis Bond"}}, {"pk": 342, "model": "app.player", "fields": {"grade": 55, "position": 6, "college": 43, "name": " Tanner Hawkinson"}}, {"pk": 343, "model": "app.player", "fields": {"grade": 55, "position": 11, "college": null, "name": " Nate Palmer"}}, {"pk": 344, "model": "app.player", "fields": {"grade": 55, "position": 7, "college": null, "name": " Lamar Mady"}}, {"pk": 345, "model": "app.player", "fields": {"grade": 55, "position": 4, "college": 46, "name": " La'Rod King"}}, {"pk": 346, "model": "app.player", "fields": {"grade": 54, "position": 12, "college": 109, "name": " John Lotulelei"}}, {"pk": 347, "model": "app.player", "fields": {"grade": 54, "position": 14, "college": null, "name": " Kejuan Riley"}}, {"pk": 348, "model": "app.player", "fields": {"grade": 54, "position": 9, "college": 65, "name": " Cameron Meredith"}}, {"pk": 349, "model": "app.player", "fields": {"grade": 54, "position": 5, "college": 75, "name": " Jake Stoneburner"}}, {"pk": 350, "model": "app.player", "fields": {"grade": 54, "position": 6, "college": null, "name": " Jamaal Johnson-Webb"}}, {"pk": 351, "model": "app.player", "fields": {"grade": 54, "position": 17, "college": 79, "name": " Jackson Rice"}}, {"pk": 352, "model": "app.player", "fields": {"grade": 54, "position": 2, "college": 9, "name": " Onterio McCalebb"}}, {"pk": 353, "model": "app.player", "fields": {"grade": 54, "position": 3, "college": 118, "name": " Tommy Bohanon"}}, {"pk": 354, "model": "app.player", "fields": {"grade": 54, "position": 8, "college": 121, "name": " Joe Madsen"}}, {"pk": 355, "model": "app.player", "fields": {"grade": 54, "position": 4, "college": 94, "name": " Alec Lemon"}}, {"pk": 356, "model": "app.player", "fields": {"grade": 54, "position": 5, "college": 97, "name": " Mychal Rivera"}}, {"pk": 357, "model": "app.player", "fields": {"grade": 54, "position": 4, "college": 76, "name": " Justin Brown"}}, {"pk": 358, "model": "app.player", "fields": {"grade": 54, "position": 6, "college": 30, "name": " Caylin Hauptmann"}}, {"pk": 359, "model": "app.player", "fields": {"grade": 54, "position": 15, "college": 20, "name": " Drew Frey"}}, {"pk": 360, "model": "app.player", "fields": {"grade": 54, "position": 5, "college": 13, "name": " Chris Pantale"}}, {"pk": 361, "model": "app.player", "fields": {"grade": 53, "position": 1, "college": 123, "name": " Alex Carder"}}, {"pk": 362, "model": "app.player", "fields": {"grade": 53, "position": 12, "college": 16, "name": " Uona Kaveinga"}}, {"pk": 363, "model": "app.player", "fields": {"grade": 53, "position": 10, "college": 6, "name": " DeQuinta Jones"}}, {"pk": 364, "model": "app.player", "fields": {"grade": 53, "position": 7, "college": 51, "name": " Josh Dworaczyk"}}, {"pk": 365, "model": "app.player", "fields": {"grade": 53, "position": 2, "college": 17, "name": " Iso Sofele"}}, {"pk": 366, "model": "app.player", "fields": {"grade": 53, "position": 6, "college": null, "name": " Ryan Jensen"}}, {"pk": 367, "model": "app.player", "fields": {"grade": 53, "position": 9, "college": 3, "name": " Damion Square"}}, {"pk": 368, "model": "app.player", "fields": {"grade": 53, "position": 12, "college": 91, "name": " Sam Barrington"}}, {"pk": 369, "model": "app.player", "fields": {"grade": 53, "position": 4, "college": 11, "name": " Lanear Sampson"}}, {"pk": 370, "model": "app.player", "fields": {"grade": 53, "position": 1, "college": 60, "name": " MarQueis Gray"}}, {"pk": 371, "model": "app.player", "fields": {"grade": 53, "position": 9, "college": null, "name": " Mike Catapano"}}, {"pk": 372, "model": "app.player", "fields": {"grade": 53, "position": 10, "college": 76, "name": " Stacy McGee"}}, {"pk": 373, "model": "app.player", "fields": {"grade": 53, "position": 2, "college": 96, "name": " Montel Harris"}}, {"pk": 374, "model": "app.player", "fields": {"grade": 53, "position": 8, "college": null, "name": " Eric Kush"}}, {"pk": 375, "model": "app.player", "fields": {"grade": 53, "position": 4, "college": 33, "name": " Marlon Brown"}}, {"pk": 376, "model": "app.player", "fields": {"grade": 52, "position": 11, "college": 6, "name": " Alonzo Highsmith"}}, {"pk": 377, "model": "app.player", "fields": {"grade": 52, "position": 12, "college": 31, "name": " Vince Williams"}}, {"pk": 378, "model": "app.player", "fields": {"grade": 52, "position": 12, "college": 99, "name": " Jonathan Stewart"}}, {"pk": 379, "model": "app.player", "fields": {"grade": 52, "position": 15, "college": 21, "name": " Jonathan Meeks"}}, {"pk": 380, "model": "app.player", "fields": {"grade": 52, "position": 9, "college": 76, "name": " David King"}}, {"pk": 381, "model": "app.player", "fields": {"grade": 52, "position": 8, "college": 81, "name": " Matt Stankiewitch"}}, {"pk": 382, "model": "app.player", "fields": {"grade": 52, "position": 10, "college": null, "name": " Jared Smith"}}, {"pk": 383, "model": "app.player", "fields": {"grade": 52, "position": 10, "college": 35, "name": " T.J. Barnes"}}, {"pk": 384, "model": "app.player", "fields": {"grade": 52, "position": 13, "college": 91, "name": " Kayvon Webster"}}, {"pk": 385, "model": "app.player", "fields": {"grade": 52, "position": 15, "college": 110, "name": " Jawanza Starling"}}, {"pk": 386, "model": "app.player", "fields": {"grade": 52, "position": 14, "college": null, "name": " Rontez Miles"}}, {"pk": 387, "model": "app.player", "fields": {"grade": 52, "position": 15, "college": 5, "name": " Keelan Johnson"}}, {"pk": 388, "model": "app.player", "fields": {"grade": 52, "position": 2, "college": 55, "name": " Mike James"}}, {"pk": 389, "model": "app.player", "fields": {"grade": 52, "position": 10, "college": null, "name": " Nick Williams"}}, {"pk": 390, "model": "app.player", "fields": {"grade": 52, "position": 7, "college": null, "name": " Edmund Kugbila"}}, {"pk": 391, "model": "app.player", "fields": {"grade": 52, "position": 2, "college": 31, "name": " Chris Thompson"}}, {"pk": 392, "model": "app.player", "fields": {"grade": 52, "position": 1, "college": 25, "name": " Sean Renfree"}}, {"pk": 393, "model": "app.player", "fields": {"grade": 52, "position": 2, "college": 17, "name": " C.J. Anderson"}}, {"pk": 394, "model": "app.player", "fields": {"grade": 52, "position": 6, "college": 54, "name": " Jordan Devey"}}, {"pk": 395, "model": "app.player", "fields": {"grade": 52, "position": 15, "college": 75, "name": " Orhian Johnson"}}, {"pk": 396, "model": "app.player", "fields": {"grade": 52, "position": 12, "college": 65, "name": " Will Compton"}}, {"pk": 397, "model": "app.player", "fields": {"grade": 52, "position": 7, "college": 16, "name": " Braden Hansen"}}, {"pk": 398, "model": "app.player", "fields": {"grade": 52, "position": 4, "college": 20, "name": " Kenbrell Thompkins"}}, {"pk": 399, "model": "app.player", "fields": {"grade": 52, "position": 16, "college": 58, "name": " Dan Conroy"}}, {"pk": 400, "model": "app.player", "fields": {"grade": 52, "position": 11, "college": 53, "name": " Demetrius Hartsfield"}}, {"pk": 401, "model": "app.player", "fields": {"grade": 51, "position": 17, "college": 6, "name": " Dylan Breeding"}}, {"pk": 402, "model": "app.player", "fields": {"grade": 51, "position": 15, "college": 65, "name": " Daimion Stafford"}}, {"pk": 403, "model": "app.player", "fields": {"grade": 51, "position": 5, "college": 24, "name": " Ryan Griffin"}}, {"pk": 404, "model": "app.player", "fields": {"grade": 51, "position": 9, "college": 15, "name": " Steven Means"}}, {"pk": 405, "model": "app.player", "fields": {"grade": 51, "position": 6, "college": 51, "name": " Alex Hurst"}}, {"pk": 407, "model": "app.player", "fields": {"grade": 51, "position": 2, "college": 73, "name": " Theo Riddick"}}, {"pk": 408, "model": "app.player", "fields": {"grade": 51, "position": 7, "college": 74, "name": " Eric Herman"}}, {"pk": 409, "model": "app.player", "fields": {"grade": 51, "position": 4, "college": null, "name": " Ryan Spadola"}}, {"pk": 410, "model": "app.player", "fields": {"grade": 51, "position": 7, "college": 64, "name": " Zach Allen"}}, {"pk": 411, "model": "app.player", "fields": {"grade": 51, "position": 6, "college": 108, "name": " Stephane Milhim"}}, {"pk": 412, "model": "app.player", "fields": {"grade": 51, "position": 4, "college": null, "name": " Alan Bonner"}}, {"pk": 413, "model": "app.player", "fields": {"grade": 51, "position": 12, "college": null, "name": " Brandon Hepburn"}}, {"pk": 414, "model": "app.player", "fields": {"grade": 51, "position": 6, "college": 16, "name": " Braden Brown"}}, {"pk": 415, "model": "app.player", "fields": {"grade": 51, "position": 6, "college": 92, "name": " Jason Weaver"}}, {"pk": 416, "model": "app.player", "fields": {"grade": 51, "position": 6, "college": 117, "name": " Vinston Painter"}}, {"pk": 417, "model": "app.player", "fields": {"grade": 50, "position": 13, "college": null, "name": " Jeremy Harris"}}, {"pk": 418, "model": "app.player", "fields": {"grade": 50, "position": 6, "college": 42, "name": " Carter Bykowski"}}, {"pk": 419, "model": "app.player", "fields": {"grade": 50, "position": 4, "college": null, "name": " Charles Johnson"}}, {"pk": 420, "model": "app.player", "fields": {"grade": 50, "position": 14, "college": 85, "name": " Duron Harmon"}}, {"pk": 421, "model": "app.player", "fields": {"grade": 50, "position": 12, "college": 13, "name": " Nick Clancy"}}, {"pk": 422, "model": "app.player", "fields": {"grade": 50, "position": 7, "college": 115, "name": " Ryan Seymour"}}, {"pk": 423, "model": "app.player", "fields": {"grade": 50, "position": 15, "college": 7, "name": " Don Jones"}}, {"pk": 424, "model": "app.player", "fields": {"grade": 50, "position": 13, "college": 85, "name": " Marcus Cooper"}}, {"pk": 425, "model": "app.player", "fields": {"grade": 50, "position": 4, "college": 53, "name": " Kevin Dorsey"}}, {"pk": 426, "model": "app.player", "fields": {"grade": 50, "position": 4, "college": 86, "name": " Brice Butler"}}, {"pk": 427, "model": "app.player", "fields": {"grade": 50, "position": 1, "college": 91, "name": " B.J. Daniels"}}, {"pk": 428, "model": "app.player", "fields": {"grade": 50, "position": 2, "college": 108, "name": " Michael Cox"}}, {"pk": 429, "model": "app.player", "fields": {"grade": 50, "position": 15, "college": 18, "name": " Kemal Ishmael"}}, {"pk": 430, "model": "app.player", "fields": {"grade": 50, "position": 1, "college": 47, "name": " Colby Cameron"}}, {"pk": 431, "model": "app.player", "fields": {"grade": 50, "position": 11, "college": 31, "name": " Nick Moody"}}, {"pk": 432, "model": "app.player", "fields": {"grade": 50, "position": 17, "college": 47, "name": " Ryan Allen"}}, {"pk": 433, "model": "app.player", "fields": {"grade": 50, "position": 6, "college": null, "name": " Michael Bowie"}}, {"pk": 1, "model": "app.team", "fields": {"name": "Bills"}}, {"pk": 2, "model": "app.team", "fields": {"name": "49ers"}}, {"pk": 3, "model": "app.team", "fields": {"name": "Bears"}}, {"pk": 4, "model": "app.team", "fields": {"name": "Bengals"}}, {"pk": 5, "model": "app.team", "fields": {"name": "Broncos"}}, {"pk": 6, "model": "app.team", "fields": {"name": "Browns"}}, {"pk": 7, "model": "app.team", "fields": {"name": "Buccaneers"}}, {"pk": 8, "model": "app.team", "fields": {"name": "Cardinals"}}, {"pk": 9, "model": "app.team", "fields": {"name": "Chargers"}}, {"pk": 10, "model": "app.team", "fields": {"name": "Chiefs"}}, {"pk": 11, "model": "app.team", "fields": {"name": "Colts"}}, {"pk": 12, "model": "app.team", "fields": {"name": "Cowboys"}}, {"pk": 13, "model": "app.team", "fields": {"name": "Dolphins"}}, {"pk": 14, "model": "app.team", "fields": {"name": "Eagles"}}, {"pk": 15, "model": "app.team", "fields": {"name": "Falcons"}}, {"pk": 16, "model": "app.team", "fields": {"name": "Giants"}}, {"pk": 17, "model": "app.team", "fields": {"name": "Jaguars"}}, {"pk": 18, "model": "app.team", "fields": {"name": "Jets"}}, {"pk": 19, "model": "app.team", "fields": {"name": "Lions"}}, {"pk": 20, "model": "app.team", "fields": {"name": "Packers"}}, {"pk": 21, "model": "app.team", "fields": {"name": "Panthers"}}, {"pk": 22, "model": "app.team", "fields": {"name": "Patriots"}}, {"pk": 23, "model": "app.team", "fields": {"name": "Raiders"}}, {"pk": 24, "model": "app.team", "fields": {"name": "Rams"}}, {"pk": 25, "model": "app.team", "fields": {"name": "Ravens"}}, {"pk": 26, "model": "app.team", "fields": {"name": "Redskins"}}, {"pk": 27, "model": "app.team", "fields": {"name": "Saints"}}, {"pk": 28, "model": "app.team", "fields": {"name": "Seahawks"}}, {"pk": 29, "model": "app.team", "fields": {"name": "Steelers"}}, {"pk": 30, "model": "app.team", "fields": {"name": "Texans"}}, {"pk": 31, "model": "app.team", "fields": {"name": "Titans"}}, {"pk": 32, "model": "app.team", "fields": {"name": "Vikings"}}, {"pk": 1, "model": "app.draftpick", "fields": {"player": null, "team": 10, "round": 1, "pick": 1}}, {"pk": 2, "model": "app.draftpick", "fields": {"player": null, "team": 17, "round": 1, "pick": 2}}, {"pk": 3, "model": "app.draftpick", "fields": {"player": null, "team": 23, "round": 1, "pick": 3}}, {"pk": 4, "model": "app.draftpick", "fields": {"player": null, "team": 14, "round": 1, "pick": 4}}, {"pk": 5, "model": "app.draftpick", "fields": {"player": null, "team": 19, "round": 1, "pick": 5}}, {"pk": 6, "model": "app.draftpick", "fields": {"player": null, "team": 6, "round": 1, "pick": 6}}, {"pk": 7, "model": "app.draftpick", "fields": {"player": null, "team": 8, "round": 1, "pick": 7}}, {"pk": 8, "model": "app.draftpick", "fields": {"player": null, "team": 1, "round": 1, "pick": 8}}, {"pk": 9, "model": "app.draftpick", "fields": {"player": null, "team": 18, "round": 1, "pick": 9}}, {"pk": 10, "model": "app.draftpick", "fields": {"player": null, "team": 31, "round": 1, "pick": 10}}, {"pk": 11, "model": "app.draftpick", "fields": {"player": null, "team": 9, "round": 1, "pick": 11}}, {"pk": 12, "model": "app.draftpick", "fields": {"player": null, "team": 13, "round": 1, "pick": 12}}, {"pk": 13, "model": "app.draftpick", "fields": {"player": null, "team": 7, "round": 1, "pick": 13}}, {"pk": 14, "model": "app.draftpick", "fields": {"player": null, "team": 21, "round": 1, "pick": 14}}, {"pk": 15, "model": "app.draftpick", "fields": {"player": null, "team": 27, "round": 1, "pick": 15}}, {"pk": 16, "model": "app.draftpick", "fields": {"player": null, "team": 24, "round": 1, "pick": 16}}, {"pk": 17, "model": "app.draftpick", "fields": {"player": null, "team": 29, "round": 1, "pick": 17}}, {"pk": 18, "model": "app.draftpick", "fields": {"player": null, "team": 12, "round": 1, "pick": 18}}, {"pk": 19, "model": "app.draftpick", "fields": {"player": null, "team": 16, "round": 1, "pick": 19}}, {"pk": 20, "model": "app.draftpick", "fields": {"player": null, "team": 3, "round": 1, "pick": 20}}, {"pk": 21, "model": "app.draftpick", "fields": {"player": null, "team": 4, "round": 1, "pick": 21}}, {"pk": 22, "model": "app.draftpick", "fields": {"player": null, "team": 26, "round": 1, "pick": 22}}, {"pk": 23, "model": "app.draftpick", "fields": {"player": null, "team": 32, "round": 1, "pick": 23}}, {"pk": 24, "model": "app.draftpick", "fields": {"player": null, "team": 11, "round": 1, "pick": 24}}, {"pk": 25, "model": "app.draftpick", "fields": {"player": null, "team": 28, "round": 1, "pick": 25}}, {"pk": 26, "model": "app.draftpick", "fields": {"player": null, "team": 20, "round": 1, "pick": 26}}, {"pk": 27, "model": "app.draftpick", "fields": {"player": null, "team": 30, "round": 1, "pick": 27}}, {"pk": 28, "model": "app.draftpick", "fields": {"player": null, "team": 5, "round": 1, "pick": 28}}, {"pk": 29, "model": "app.draftpick", "fields": {"player": null, "team": 22, "round": 1, "pick": 29}}, {"pk": 30, "model": "app.draftpick", "fields": {"player": null, "team": 15, "round": 1, "pick": 30}}, {"pk": 31, "model": "app.draftpick", "fields": {"player": null, "team": 2, "round": 1, "pick": 31}}, {"pk": 32, "model": "app.draftpick", "fields": {"player": null, "team": 25, "round": 1, "pick": 32}}, {"pk": 33, "model": "app.draftpick", "fields": {"player": null, "team": 10, "round": 2, "pick": 1}}, {"pk": 34, "model": "app.draftpick", "fields": {"player": null, "team": 17, "round": 2, "pick": 2}}, {"pk": 35, "model": "app.draftpick", "fields": {"player": null, "team": 23, "round": 2, "pick": 3}}, {"pk": 36, "model": "app.draftpick", "fields": {"player": null, "team": 14, "round": 2, "pick": 4}}, {"pk": 37, "model": "app.draftpick", "fields": {"player": null, "team": 19, "round": 2, "pick": 5}}, {"pk": 38, "model": "app.draftpick", "fields": {"player": null, "team": 6, "round": 2, "pick": 6}}, {"pk": 39, "model": "app.draftpick", "fields": {"player": null, "team": 8, "round": 2, "pick": 7}}, {"pk": 40, "model": "app.draftpick", "fields": {"player": null, "team": 1, "round": 2, "pick": 8}}, {"pk": 41, "model": "app.draftpick", "fields": {"player": null, "team": 18, "round": 2, "pick": 9}}, {"pk": 42, "model": "app.draftpick", "fields": {"player": null, "team": 31, "round": 2, "pick": 10}}, {"pk": 43, "model": "app.draftpick", "fields": {"player": null, "team": 9, "round": 2, "pick": 11}}, {"pk": 44, "model": "app.draftpick", "fields": {"player": null, "team": 13, "round": 2, "pick": 12}}, {"pk": 45, "model": "app.draftpick", "fields": {"player": null, "team": 7, "round": 2, "pick": 13}}, {"pk": 46, "model": "app.draftpick", "fields": {"player": null, "team": 21, "round": 2, "pick": 14}}, {"pk": 47, "model": "app.draftpick", "fields": {"player": null, "team": 27, "round": 2, "pick": 15}}, {"pk": 48, "model": "app.draftpick", "fields": {"player": null, "team": 24, "round": 2, "pick": 16}}, {"pk": 49, "model": "app.draftpick", "fields": {"player": null, "team": 29, "round": 2, "pick": 17}}, {"pk": 50, "model": "app.draftpick", "fields": {"player": null, "team": 12, "round": 2, "pick": 18}}, {"pk": 51, "model": "app.draftpick", "fields": {"player": null, "team": 16, "round": 2, "pick": 19}}, {"pk": 52, "model": "app.draftpick", "fields": {"player": null, "team": 3, "round": 2, "pick": 20}}, {"pk": 53, "model": "app.draftpick", "fields": {"player": null, "team": 4, "round": 2, "pick": 21}}, {"pk": 54, "model": "app.draftpick", "fields": {"player": null, "team": 26, "round": 2, "pick": 22}}, {"pk": 55, "model": "app.draftpick", "fields": {"player": null, "team": 32, "round": 2, "pick": 23}}, {"pk": 56, "model": "app.draftpick", "fields": {"player": null, "team": 11, "round": 2, "pick": 24}}, {"pk": 57, "model": "app.draftpick", "fields": {"player": null, "team": 28, "round": 2, "pick": 25}}, {"pk": 58, "model": "app.draftpick", "fields": {"player": null, "team": 20, "round": 2, "pick": 26}}, {"pk": 59, "model": "app.draftpick", "fields": {"player": null, "team": 30, "round": 2, "pick": 27}}, {"pk": 60, "model": "app.draftpick", "fields": {"player": null, "team": 5, "round": 2, "pick": 28}}, {"pk": 61, "model": "app.draftpick", "fields": {"player": null, "team": 22, "round": 2, "pick": 29}}, {"pk": 62, "model": "app.draftpick", "fields": {"player": null, "team": 15, "round": 2, "pick": 30}}, {"pk": 63, "model": "app.draftpick", "fields": {"player": null, "team": 2, "round": 2, "pick": 31}}, {"pk": 64, "model": "app.draftpick", "fields": {"player": null, "team": 25, "round": 2, "pick": 32}}, {"pk": 65, "model": "app.draftpick", "fields": {"player": null, "team": 10, "round": 3, "pick": 1}}, {"pk": 66, "model": "app.draftpick", "fields": {"player": null, "team": 17, "round": 3, "pick": 2}}, {"pk": 67, "model": "app.draftpick", "fields": {"player": null, "team": 23, "round": 3, "pick": 3}}, {"pk": 68, "model": "app.draftpick", "fields": {"player": null, "team": 14, "round": 3, "pick": 4}}, {"pk": 69, "model": "app.draftpick", "fields": {"player": null, "team": 19, "round": 3, "pick": 5}}, {"pk": 70, "model": "app.draftpick", "fields": {"player": null, "team": 6, "round": 3, "pick": 6}}, {"pk": 71, "model": "app.draftpick", "fields": {"player": null, "team": 8, "round": 3, "pick": 7}}, {"pk": 72, "model": "app.draftpick", "fields": {"player": null, "team": 1, "round": 3, "pick": 8}}, {"pk": 73, "model": "app.draftpick", "fields": {"player": null, "team": 18, "round": 3, "pick": 9}}, {"pk": 74, "model": "app.draftpick", "fields": {"player": null, "team": 31, "round": 3, "pick": 10}}, {"pk": 75, "model": "app.draftpick", "fields": {"player": null, "team": 9, "round": 3, "pick": 11}}, {"pk": 76, "model": "app.draftpick", "fields": {"player": null, "team": 13, "round": 3, "pick": 12}}, {"pk": 77, "model": "app.draftpick", "fields": {"player": null, "team": 7, "round": 3, "pick": 13}}, {"pk": 78, "model": "app.draftpick", "fields": {"player": null, "team": 21, "round": 3, "pick": 14}}, {"pk": 79, "model": "app.draftpick", "fields": {"player": null, "team": 27, "round": 3, "pick": 15}}, {"pk": 80, "model": "app.draftpick", "fields": {"player": null, "team": 24, "round": 3, "pick": 16}}, {"pk": 81, "model": "app.draftpick", "fields": {"player": null, "team": 29, "round": 3, "pick": 17}}, {"pk": 82, "model": "app.draftpick", "fields": {"player": null, "team": 12, "round": 3, "pick": 18}}, {"pk": 83, "model": "app.draftpick", "fields": {"player": null, "team": 16, "round": 3, "pick": 19}}, {"pk": 84, "model": "app.draftpick", "fields": {"player": null, "team": 3, "round": 3, "pick": 20}}, {"pk": 85, "model": "app.draftpick", "fields": {"player": null, "team": 4, "round": 3, "pick": 21}}, {"pk": 86, "model": "app.draftpick", "fields": {"player": null, "team": 26, "round": 3, "pick": 22}}, {"pk": 87, "model": "app.draftpick", "fields": {"player": null, "team": 32, "round": 3, "pick": 23}}, {"pk": 88, "model": "app.draftpick", "fields": {"player": null, "team": 11, "round": 3, "pick": 24}}, {"pk": 89, "model": "app.draftpick", "fields": {"player": null, "team": 28, "round": 3, "pick": 25}}, {"pk": 90, "model": "app.draftpick", "fields": {"player": null, "team": 20, "round": 3, "pick": 26}}, {"pk": 91, "model": "app.draftpick", "fields": {"player": null, "team": 30, "round": 3, "pick": 27}}, {"pk": 92, "model": "app.draftpick", "fields": {"player": null, "team": 5, "round": 3, "pick": 28}}, {"pk": 93, "model": "app.draftpick", "fields": {"player": null, "team": 22, "round": 3, "pick": 29}}, {"pk": 94, "model": "app.draftpick", "fields": {"player": null, "team": 15, "round": 3, "pick": 30}}, {"pk": 95, "model": "app.draftpick", "fields": {"player": null, "team": 2, "round": 3, "pick": 31}}, {"pk": 96, "model": "app.draftpick", "fields": {"player": null, "team": 25, "round": 3, "pick": 32}}, {"pk": 97, "model": "app.draftpick", "fields": {"player": null, "team": 10, "round": 4, "pick": 1}}, {"pk": 98, "model": "app.draftpick", "fields": {"player": null, "team": 17, "round": 4, "pick": 2}}, {"pk": 99, "model": "app.draftpick", "fields": {"player": null, "team": 23, "round": 4, "pick": 3}}, {"pk": 100, "model": "app.draftpick", "fields": {"player": null, "team": 14, "round": 4, "pick": 4}}, {"pk": 101, "model": "app.draftpick", "fields": {"player": null, "team": 19, "round": 4, "pick": 5}}, {"pk": 102, "model": "app.draftpick", "fields": {"player": null, "team": 6, "round": 4, "pick": 6}}, {"pk": 103, "model": "app.draftpick", "fields": {"player": null, "team": 8, "round": 4, "pick": 7}}, {"pk": 104, "model": "app.draftpick", "fields": {"player": null, "team": 1, "round": 4, "pick": 8}}, {"pk": 105, "model": "app.draftpick", "fields": {"player": null, "team": 18, "round": 4, "pick": 9}}, {"pk": 106, "model": "app.draftpick", "fields": {"player": null, "team": 31, "round": 4, "pick": 10}}, {"pk": 107, "model": "app.draftpick", "fields": {"player": null, "team": 9, "round": 4, "pick": 11}}, {"pk": 108, "model": "app.draftpick", "fields": {"player": null, "team": 13, "round": 4, "pick": 12}}, {"pk": 109, "model": "app.draftpick", "fields": {"player": null, "team": 7, "round": 4, "pick": 13}}, {"pk": 110, "model": "app.draftpick", "fields": {"player": null, "team": 21, "round": 4, "pick": 14}}, {"pk": 111, "model": "app.draftpick", "fields": {"player": null, "team": 27, "round": 4, "pick": 15}}, {"pk": 112, "model": "app.draftpick", "fields": {"player": null, "team": 24, "round": 4, "pick": 16}}, {"pk": 113, "model": "app.draftpick", "fields": {"player": null, "team": 29, "round": 4, "pick": 17}}, {"pk": 114, "model": "app.draftpick", "fields": {"player": null, "team": 12, "round": 4, "pick": 18}}, {"pk": 115, "model": "app.draftpick", "fields": {"player": null, "team": 16, "round": 4, "pick": 19}}, {"pk": 116, "model": "app.draftpick", "fields": {"player": null, "team": 3, "round": 4, "pick": 20}}, {"pk": 117, "model": "app.draftpick", "fields": {"player": null, "team": 4, "round": 4, "pick": 21}}, {"pk": 118, "model": "app.draftpick", "fields": {"player": null, "team": 26, "round": 4, "pick": 22}}, {"pk": 119, "model": "app.draftpick", "fields": {"player": null, "team": 32, "round": 4, "pick": 23}}, {"pk": 120, "model": "app.draftpick", "fields": {"player": null, "team": 11, "round": 4, "pick": 24}}, {"pk": 121, "model": "app.draftpick", "fields": {"player": null, "team": 28, "round": 4, "pick": 25}}, {"pk": 122, "model": "app.draftpick", "fields": {"player": null, "team": 20, "round": 4, "pick": 26}}, {"pk": 123, "model": "app.draftpick", "fields": {"player": null, "team": 30, "round": 4, "pick": 27}}, {"pk": 124, "model": "app.draftpick", "fields": {"player": null, "team": 5, "round": 4, "pick": 28}}, {"pk": 125, "model": "app.draftpick", "fields": {"player": null, "team": 22, "round": 4, "pick": 29}}, {"pk": 126, "model": "app.draftpick", "fields": {"player": null, "team": 15, "round": 4, "pick": 30}}, {"pk": 127, "model": "app.draftpick", "fields": {"player": null, "team": 2, "round": 4, "pick": 31}}, {"pk": 128, "model": "app.draftpick", "fields": {"player": null, "team": 25, "round": 4, "pick": 32}}, {"pk": 129, "model": "app.draftpick", "fields": {"player": null, "team": 10, "round": 5, "pick": 1}}, {"pk": 130, "model": "app.draftpick", "fields": {"player": null, "team": 17, "round": 5, "pick": 2}}, {"pk": 131, "model": "app.draftpick", "fields": {"player": null, "team": 23, "round": 5, "pick": 3}}, {"pk": 132, "model": "app.draftpick", "fields": {"player": null, "team": 14, "round": 5, "pick": 4}}, {"pk": 133, "model": "app.draftpick", "fields": {"player": null, "team": 19, "round": 5, "pick": 5}}, {"pk": 134, "model": "app.draftpick", "fields": {"player": null, "team": 6, "round": 5, "pick": 6}}, {"pk": 135, "model": "app.draftpick", "fields": {"player": null, "team": 8, "round": 5, "pick": 7}}, {"pk": 136, "model": "app.draftpick", "fields": {"player": null, "team": 1, "round": 5, "pick": 8}}, {"pk": 137, "model": "app.draftpick", "fields": {"player": null, "team": 18, "round": 5, "pick": 9}}, {"pk": 138, "model": "app.draftpick", "fields": {"player": null, "team": 31, "round": 5, "pick": 10}}, {"pk": 139, "model": "app.draftpick", "fields": {"player": null, "team": 9, "round": 5, "pick": 11}}, {"pk": 140, "model": "app.draftpick", "fields": {"player": null, "team": 13, "round": 5, "pick": 12}}, {"pk": 141, "model": "app.draftpick", "fields": {"player": null, "team": 7, "round": 5, "pick": 13}}, {"pk": 142, "model": "app.draftpick", "fields": {"player": null, "team": 21, "round": 5, "pick": 14}}, {"pk": 143, "model": "app.draftpick", "fields": {"player": null, "team": 27, "round": 5, "pick": 15}}, {"pk": 144, "model": "app.draftpick", "fields": {"player": null, "team": 24, "round": 5, "pick": 16}}, {"pk": 145, "model": "app.draftpick", "fields": {"player": null, "team": 29, "round": 5, "pick": 17}}, {"pk": 146, "model": "app.draftpick", "fields": {"player": null, "team": 12, "round": 5, "pick": 18}}, {"pk": 147, "model": "app.draftpick", "fields": {"player": null, "team": 16, "round": 5, "pick": 19}}, {"pk": 148, "model": "app.draftpick", "fields": {"player": null, "team": 3, "round": 5, "pick": 20}}, {"pk": 149, "model": "app.draftpick", "fields": {"player": null, "team": 4, "round": 5, "pick": 21}}, {"pk": 150, "model": "app.draftpick", "fields": {"player": null, "team": 26, "round": 5, "pick": 22}}, {"pk": 151, "model": "app.draftpick", "fields": {"player": null, "team": 32, "round": 5, "pick": 23}}, {"pk": 152, "model": "app.draftpick", "fields": {"player": null, "team": 11, "round": 5, "pick": 24}}, {"pk": 153, "model": "app.draftpick", "fields": {"player": null, "team": 28, "round": 5, "pick": 25}}, {"pk": 154, "model": "app.draftpick", "fields": {"player": null, "team": 20, "round": 5, "pick": 26}}, {"pk": 155, "model": "app.draftpick", "fields": {"player": null, "team": 30, "round": 5, "pick": 27}}, {"pk": 156, "model": "app.draftpick", "fields": {"player": null, "team": 5, "round": 5, "pick": 28}}, {"pk": 157, "model": "app.draftpick", "fields": {"player": null, "team": 22, "round": 5, "pick": 29}}, {"pk": 158, "model": "app.draftpick", "fields": {"player": null, "team": 15, "round": 5, "pick": 30}}, {"pk": 159, "model": "app.draftpick", "fields": {"player": null, "team": 2, "round": 5, "pick": 31}}, {"pk": 160, "model": "app.draftpick", "fields": {"player": null, "team": 25, "round": 5, "pick": 32}}, {"pk": 161, "model": "app.draftpick", "fields": {"player": null, "team": 10, "round": 6, "pick": 1}}, {"pk": 162, "model": "app.draftpick", "fields": {"player": null, "team": 17, "round": 6, "pick": 2}}, {"pk": 163, "model": "app.draftpick", "fields": {"player": null, "team": 23, "round": 6, "pick": 3}}, {"pk": 164, "model": "app.draftpick", "fields": {"player": null, "team": 14, "round": 6, "pick": 4}}, {"pk": 165, "model": "app.draftpick", "fields": {"player": null, "team": 19, "round": 6, "pick": 5}}, {"pk": 166, "model": "app.draftpick", "fields": {"player": null, "team": 6, "round": 6, "pick": 6}}, {"pk": 167, "model": "app.draftpick", "fields": {"player": null, "team": 8, "round": 6, "pick": 7}}, {"pk": 168, "model": "app.draftpick", "fields": {"player": null, "team": 1, "round": 6, "pick": 8}}, {"pk": 169, "model": "app.draftpick", "fields": {"player": null, "team": 18, "round": 6, "pick": 9}}, {"pk": 170, "model": "app.draftpick", "fields": {"player": null, "team": 31, "round": 6, "pick": 10}}, {"pk": 171, "model": "app.draftpick", "fields": {"player": null, "team": 9, "round": 6, "pick": 11}}, {"pk": 172, "model": "app.draftpick", "fields": {"player": null, "team": 13, "round": 6, "pick": 12}}, {"pk": 173, "model": "app.draftpick", "fields": {"player": null, "team": 7, "round": 6, "pick": 13}}, {"pk": 174, "model": "app.draftpick", "fields": {"player": null, "team": 21, "round": 6, "pick": 14}}, {"pk": 175, "model": "app.draftpick", "fields": {"player": null, "team": 27, "round": 6, "pick": 15}}, {"pk": 176, "model": "app.draftpick", "fields": {"player": null, "team": 24, "round": 6, "pick": 16}}, {"pk": 177, "model": "app.draftpick", "fields": {"player": null, "team": 29, "round": 6, "pick": 17}}, {"pk": 178, "model": "app.draftpick", "fields": {"player": null, "team": 12, "round": 6, "pick": 18}}, {"pk": 179, "model": "app.draftpick", "fields": {"player": null, "team": 16, "round": 6, "pick": 19}}, {"pk": 180, "model": "app.draftpick", "fields": {"player": null, "team": 3, "round": 6, "pick": 20}}, {"pk": 181, "model": "app.draftpick", "fields": {"player": null, "team": 4, "round": 6, "pick": 21}}, {"pk": 182, "model": "app.draftpick", "fields": {"player": null, "team": 26, "round": 6, "pick": 22}}, {"pk": 183, "model": "app.draftpick", "fields": {"player": null, "team": 32, "round": 6, "pick": 23}}, {"pk": 184, "model": "app.draftpick", "fields": {"player": null, "team": 11, "round": 6, "pick": 24}}, {"pk": 185, "model": "app.draftpick", "fields": {"player": null, "team": 28, "round": 6, "pick": 25}}, {"pk": 186, "model": "app.draftpick", "fields": {"player": null, "team": 20, "round": 6, "pick": 26}}, {"pk": 187, "model": "app.draftpick", "fields": {"player": null, "team": 30, "round": 6, "pick": 27}}, {"pk": 188, "model": "app.draftpick", "fields": {"player": null, "team": 5, "round": 6, "pick": 28}}, {"pk": 189, "model": "app.draftpick", "fields": {"player": null, "team": 22, "round": 6, "pick": 29}}, {"pk": 190, "model": "app.draftpick", "fields": {"player": null, "team": 15, "round": 6, "pick": 30}}, {"pk": 191, "model": "app.draftpick", "fields": {"player": null, "team": 2, "round": 6, "pick": 31}}, {"pk": 192, "model": "app.draftpick", "fields": {"player": null, "team": 25, "round": 6, "pick": 32}}, {"pk": 193, "model": "app.draftpick", "fields": {"player": null, "team": 10, "round": 7, "pick": 1}}, {"pk": 194, "model": "app.draftpick", "fields": {"player": null, "team": 17, "round": 7, "pick": 2}}, {"pk": 195, "model": "app.draftpick", "fields": {"player": null, "team": 23, "round": 7, "pick": 3}}, {"pk": 196, "model": "app.draftpick", "fields": {"player": null, "team": 14, "round": 7, "pick": 4}}, {"pk": 197, "model": "app.draftpick", "fields": {"player": null, "team": 19, "round": 7, "pick": 5}}, {"pk": 198, "model": "app.draftpick", "fields": {"player": null, "team": 6, "round": 7, "pick": 6}}, {"pk": 199, "model": "app.draftpick", "fields": {"player": null, "team": 8, "round": 7, "pick": 7}}, {"pk": 200, "model": "app.draftpick", "fields": {"player": null, "team": 1, "round": 7, "pick": 8}}, {"pk": 201, "model": "app.draftpick", "fields": {"player": null, "team": 18, "round": 7, "pick": 9}}, {"pk": 202, "model": "app.draftpick", "fields": {"player": null, "team": 31, "round": 7, "pick": 10}}, {"pk": 203, "model": "app.draftpick", "fields": {"player": null, "team": 9, "round": 7, "pick": 11}}, {"pk": 204, "model": "app.draftpick", "fields": {"player": null, "team": 13, "round": 7, "pick": 12}}, {"pk": 205, "model": "app.draftpick", "fields": {"player": null, "team": 7, "round": 7, "pick": 13}}, {"pk": 206, "model": "app.draftpick", "fields": {"player": null, "team": 21, "round": 7, "pick": 14}}, {"pk": 207, "model": "app.draftpick", "fields": {"player": null, "team": 27, "round": 7, "pick": 15}}, {"pk": 208, "model": "app.draftpick", "fields": {"player": null, "team": 24, "round": 7, "pick": 16}}, {"pk": 209, "model": "app.draftpick", "fields": {"player": null, "team": 29, "round": 7, "pick": 17}}, {"pk": 210, "model": "app.draftpick", "fields": {"player": null, "team": 12, "round": 7, "pick": 18}}, {"pk": 211, "model": "app.draftpick", "fields": {"player": null, "team": 16, "round": 7, "pick": 19}}, {"pk": 212, "model": "app.draftpick", "fields": {"player": null, "team": 3, "round": 7, "pick": 20}}, {"pk": 213, "model": "app.draftpick", "fields": {"player": null, "team": 4, "round": 7, "pick": 21}}, {"pk": 214, "model": "app.draftpick", "fields": {"player": null, "team": 26, "round": 7, "pick": 22}}, {"pk": 215, "model": "app.draftpick", "fields": {"player": null, "team": 32, "round": 7, "pick": 23}}, {"pk": 216, "model": "app.draftpick", "fields": {"player": null, "team": 11, "round": 7, "pick": 24}}, {"pk": 217, "model": "app.draftpick", "fields": {"player": null, "team": 28, "round": 7, "pick": 25}}, {"pk": 218, "model": "app.draftpick", "fields": {"player": null, "team": 20, "round": 7, "pick": 26}}, {"pk": 219, "model": "app.draftpick", "fields": {"player": null, "team": 30, "round": 7, "pick": 27}}, {"pk": 220, "model": "app.draftpick", "fields": {"player": null, "team": 5, "round": 7, "pick": 28}}, {"pk": 221, "model": "app.draftpick", "fields": {"player": null, "team": 22, "round": 7, "pick": 29}}, {"pk": 222, "model": "app.draftpick", "fields": {"player": null, "team": 15, "round": 7, "pick": 30}}, {"pk": 223, "model": "app.draftpick", "fields": {"player": null, "team": 2, "round": 7, "pick": 31}}, {"pk": 224, "model": "app.draftpick", "fields": {"player": null, "team": 25, "round": 7, "pick": 32}}, {"pk": 1, "model": "app.teamneed", "fields": {"need": 5, "team": 8}}, {"pk": 2, "model": "app.teamneed", "fields": {"need": 9, "team": 8}}, {"pk": 3, "model": "app.teamneed", "fields": {"need": 7, "team": 8}}, {"pk": 4, "model": "app.teamneed", "fields": {"need": 2, "team": 8}}, {"pk": 5, "model": "app.teamneed", "fields": {"need": 8, "team": 15}}, {"pk": 6, "model": "app.teamneed", "fields": {"need": 6, "team": 15}}, {"pk": 7, "model": "app.teamneed", "fields": {"need": 7, "team": 15}}, {"pk": 8, "model": "app.teamneed", "fields": {"need": 5, "team": 15}}, {"pk": 9, "model": "app.teamneed", "fields": {"need": 4, "team": 15}}, {"pk": 10, "model": "app.teamneed", "fields": {"need": 1, "team": 15}}, {"pk": 11, "model": "app.teamneed", "fields": {"need": 7, "team": 25}}, {"pk": 12, "model": "app.teamneed", "fields": {"need": 9, "team": 25}}, {"pk": 13, "model": "app.teamneed", "fields": {"need": 3, "team": 25}}, {"pk": 14, "model": "app.teamneed", "fields": {"need": 5, "team": 25}}, {"pk": 15, "model": "app.teamneed", "fields": {"need": 1, "team": 1}}, {"pk": 16, "model": "app.teamneed", "fields": {"need": 3, "team": 1}}, {"pk": 17, "model": "app.teamneed", "fields": {"need": 5, "team": 1}}, {"pk": 18, "model": "app.teamneed", "fields": {"need": 7, "team": 1}}, {"pk": 19, "model": "app.teamneed", "fields": {"need": 9, "team": 1}}, {"pk": 20, "model": "app.teamneed", "fields": {"need": 6, "team": 21}}, {"pk": 21, "model": "app.teamneed", "fields": {"need": 3, "team": 21}}, {"pk": 22, "model": "app.teamneed", "fields": {"need": 5, "team": 21}}, {"pk": 23, "model": "app.teamneed", "fields": {"need": 8, "team": 21}}, {"pk": 24, "model": "app.teamneed", "fields": {"need": 9, "team": 21}}, {"pk": 25, "model": "app.teamneed", "fields": {"need": 7, "team": 3}}, {"pk": 26, "model": "app.teamneed", "fields": {"need": 5, "team": 3}}, {"pk": 27, "model": "app.teamneed", "fields": {"need": 6, "team": 3}}, {"pk": 28, "model": "app.teamneed", "fields": {"need": 8, "team": 3}}, {"pk": 29, "model": "app.teamneed", "fields": {"need": 2, "team": 4}}, {"pk": 30, "model": "app.teamneed", "fields": {"need": 9, "team": 4}}, {"pk": 31, "model": "app.teamneed", "fields": {"need": 7, "team": 4}}, {"pk": 32, "model": "app.teamneed", "fields": {"need": 5, "team": 4}}, {"pk": 33, "model": "app.teamneed", "fields": {"need": 6, "team": 4}}, {"pk": 34, "model": "app.teamneed", "fields": {"need": 3, "team": 4}}, {"pk": 35, "model": "app.teamneed", "fields": {"need": 8, "team": 6}}, {"pk": 36, "model": "app.teamneed", "fields": {"need": 7, "team": 6}}, {"pk": 37, "model": "app.teamneed", "fields": {"need": 5, "team": 6}}, {"pk": 38, "model": "app.teamneed", "fields": {"need": 9, "team": 6}}, {"pk": 39, "model": "app.teamneed", "fields": {"need": 1, "team": 6}}, {"pk": 40, "model": "app.teamneed", "fields": {"need": 10, "team": 6}}, {"pk": 41, "model": "app.teamneed", "fields": {"need": 9, "team": 12}}, {"pk": 42, "model": "app.teamneed", "fields": {"need": 5, "team": 12}}, {"pk": 43, "model": "app.teamneed", "fields": {"need": 6, "team": 12}}, {"pk": 44, "model": "app.teamneed", "fields": {"need": 6, "team": 5}}, {"pk": 45, "model": "app.teamneed", "fields": {"need": 2, "team": 5}}, {"pk": 46, "model": "app.teamneed", "fields": {"need": 7, "team": 5}}, {"pk": 47, "model": "app.teamneed", "fields": {"need": 9, "team": 5}}, {"pk": 48, "model": "app.teamneed", "fields": {"need": 6, "team": 19}}, {"pk": 49, "model": "app.teamneed", "fields": {"need": 5, "team": 19}}, {"pk": 50, "model": "app.teamneed", "fields": {"need": 8, "team": 19}}, {"pk": 51, "model": "app.teamneed", "fields": {"need": 3, "team": 19}}, {"pk": 52, "model": "app.teamneed", "fields": {"need": 9, "team": 20}}, {"pk": 53, "model": "app.teamneed", "fields": {"need": 2, "team": 20}}, {"pk": 54, "model": "app.teamneed", "fields": {"need": 6, "team": 20}}, {"pk": 55, "model": "app.teamneed", "fields": {"need": 5, "team": 20}}, {"pk": 56, "model": "app.teamneed", "fields": {"need": 7, "team": 20}}, {"pk": 57, "model": "app.teamneed", "fields": {"need": 3, "team": 30}}, {"pk": 58, "model": "app.teamneed", "fields": {"need": 5, "team": 30}}, {"pk": 59, "model": "app.teamneed", "fields": {"need": 7, "team": 30}}, {"pk": 60, "model": "app.teamneed", "fields": {"need": 6, "team": 30}}, {"pk": 61, "model": "app.teamneed", "fields": {"need": 9, "team": 30}}, {"pk": 62, "model": "app.teamneed", "fields": {"need": 5, "team": 11}}, {"pk": 63, "model": "app.teamneed", "fields": {"need": 6, "team": 11}}, {"pk": 64, "model": "app.teamneed", "fields": {"need": 8, "team": 11}}, {"pk": 65, "model": "app.teamneed", "fields": {"need": 2, "team": 11}}, {"pk": 66, "model": "app.teamneed", "fields": {"need": 1, "team": 17}}, {"pk": 67, "model": "app.teamneed", "fields": {"need": 5, "team": 17}}, {"pk": 68, "model": "app.teamneed", "fields": {"need": 8, "team": 17}}, {"pk": 69, "model": "app.teamneed", "fields": {"need": 9, "team": 17}}, {"pk": 70, "model": "app.teamneed", "fields": {"need": 6, "team": 17}}, {"pk": 71, "model": "app.teamneed", "fields": {"need": 5, "team": 10}}, {"pk": 72, "model": "app.teamneed", "fields": {"need": 6, "team": 10}}, {"pk": 73, "model": "app.teamneed", "fields": {"need": 9, "team": 10}}, {"pk": 74, "model": "app.teamneed", "fields": {"need": 7, "team": 10}}, {"pk": 75, "model": "app.teamneed", "fields": {"need": 1, "team": 10}}, {"pk": 76, "model": "app.teamneed", "fields": {"need": 5, "team": 13}}, {"pk": 77, "model": "app.teamneed", "fields": {"need": 8, "team": 13}}, {"pk": 78, "model": "app.teamneed", "fields": {"need": 7, "team": 13}}, {"pk": 79, "model": "app.teamneed", "fields": {"need": 4, "team": 13}}, {"pk": 80, "model": "app.teamneed", "fields": {"need": 3, "team": 32}}, {"pk": 81, "model": "app.teamneed", "fields": {"need": 7, "team": 32}}, {"pk": 82, "model": "app.teamneed", "fields": {"need": 8, "team": 32}}, {"pk": 83, "model": "app.teamneed", "fields": {"need": 6, "team": 22}}, {"pk": 84, "model": "app.teamneed", "fields": {"need": 3, "team": 22}}, {"pk": 85, "model": "app.teamneed", "fields": {"need": 8, "team": 22}}, {"pk": 86, "model": "app.teamneed", "fields": {"need": 5, "team": 22}}, {"pk": 87, "model": "app.teamneed", "fields": {"need": 7, "team": 27}}, {"pk": 88, "model": "app.teamneed", "fields": {"need": 5, "team": 27}}, {"pk": 89, "model": "app.teamneed", "fields": {"need": 6, "team": 27}}, {"pk": 90, "model": "app.teamneed", "fields": {"need": 3, "team": 27}}, {"pk": 91, "model": "app.teamneed", "fields": {"need": 9, "team": 27}}, {"pk": 92, "model": "app.teamneed", "fields": {"need": 7, "team": 16}}, {"pk": 93, "model": "app.teamneed", "fields": {"need": 5, "team": 16}}, {"pk": 94, "model": "app.teamneed", "fields": {"need": 6, "team": 16}}, {"pk": 95, "model": "app.teamneed", "fields": {"need": 8, "team": 16}}, {"pk": 96, "model": "app.teamneed", "fields": {"need": 1, "team": 18}}, {"pk": 97, "model": "app.teamneed", "fields": {"need": 7, "team": 18}}, {"pk": 98, "model": "app.teamneed", "fields": {"need": 2, "team": 18}}, {"pk": 99, "model": "app.teamneed", "fields": {"need": 5, "team": 18}}, {"pk": 100, "model": "app.teamneed", "fields": {"need": 8, "team": 18}}, {"pk": 101, "model": "app.teamneed", "fields": {"need": 6, "team": 23}}, {"pk": 102, "model": "app.teamneed", "fields": {"need": 7, "team": 23}}, {"pk": 103, "model": "app.teamneed", "fields": {"need": 8, "team": 23}}, {"pk": 104, "model": "app.teamneed", "fields": {"need": 5, "team": 23}}, {"pk": 105, "model": "app.teamneed", "fields": {"need": 9, "team": 23}}, {"pk": 106, "model": "app.teamneed", "fields": {"need": 4, "team": 23}}, {"pk": 107, "model": "app.teamneed", "fields": {"need": 1, "team": 23}}, {"pk": 108, "model": "app.teamneed", "fields": {"need": 5, "team": 14}}, {"pk": 109, "model": "app.teamneed", "fields": {"need": 6, "team": 14}}, {"pk": 110, "model": "app.teamneed", "fields": {"need": 1, "team": 14}}, {"pk": 111, "model": "app.teamneed", "fields": {"need": 9, "team": 14}}, {"pk": 112, "model": "app.teamneed", "fields": {"need": 7, "team": 29}}, {"pk": 113, "model": "app.teamneed", "fields": {"need": 3, "team": 29}}, {"pk": 114, "model": "app.teamneed", "fields": {"need": 8, "team": 29}}, {"pk": 115, "model": "app.teamneed", "fields": {"need": 2, "team": 29}}, {"pk": 116, "model": "app.teamneed", "fields": {"need": 9, "team": 29}}, {"pk": 117, "model": "app.teamneed", "fields": {"need": 6, "team": 29}}, {"pk": 118, "model": "app.teamneed", "fields": {"need": 5, "team": 9}}, {"pk": 119, "model": "app.teamneed", "fields": {"need": 6, "team": 9}}, {"pk": 120, "model": "app.teamneed", "fields": {"need": 8, "team": 9}}, {"pk": 121, "model": "app.teamneed", "fields": {"need": 3, "team": 9}}, {"pk": 122, "model": "app.teamneed", "fields": {"need": 9, "team": 2}}, {"pk": 123, "model": "app.teamneed", "fields": {"need": 6, "team": 2}}, {"pk": 124, "model": "app.teamneed", "fields": {"need": 3, "team": 2}}, {"pk": 125, "model": "app.teamneed", "fields": {"need": 8, "team": 2}}, {"pk": 126, "model": "app.teamneed", "fields": {"need": 4, "team": 2}}, {"pk": 127, "model": "app.teamneed", "fields": {"need": 5, "team": 28}}, {"pk": 128, "model": "app.teamneed", "fields": {"need": 8, "team": 28}}, {"pk": 129, "model": "app.teamneed", "fields": {"need": 1, "team": 28}}, {"pk": 130, "model": "app.teamneed", "fields": {"need": 6, "team": 28}}, {"pk": 131, "model": "app.teamneed", "fields": {"need": 7, "team": 28}}, {"pk": 132, "model": "app.teamneed", "fields": {"need": 3, "team": 24}}, {"pk": 133, "model": "app.teamneed", "fields": {"need": 2, "team": 24}}, {"pk": 134, "model": "app.teamneed", "fields": {"need": 7, "team": 24}}, {"pk": 135, "model": "app.teamneed", "fields": {"need": 5, "team": 24}}, {"pk": 136, "model": "app.teamneed", "fields": {"need": 8, "team": 7}}, {"pk": 137, "model": "app.teamneed", "fields": {"need": 4, "team": 7}}, {"pk": 138, "model": "app.teamneed", "fields": {"need": 6, "team": 7}}, {"pk": 139, "model": "app.teamneed", "fields": {"need": 1, "team": 7}}, {"pk": 140, "model": "app.teamneed", "fields": {"need": 3, "team": 7}}, {"pk": 141, "model": "app.teamneed", "fields": {"need": 5, "team": 31}}, {"pk": 142, "model": "app.teamneed", "fields": {"need": 6, "team": 31}}, {"pk": 143, "model": "app.teamneed", "fields": {"need": 9, "team": 31}}, {"pk": 144, "model": "app.teamneed", "fields": {"need": 8, "team": 31}}, {"pk": 145, "model": "app.teamneed", "fields": {"need": 4, "team": 31}}, {"pk": 146, "model": "app.teamneed", "fields": {"need": 9, "team": 26}}, {"pk": 147, "model": "app.teamneed", "fields": {"need": 8, "team": 26}}, {"pk": 148, "model": "app.teamneed", "fields": {"need": 5, "team": 26}}, {"pk": 149, "model": "app.teamneed", "fields": {"need": 6, "team": 26}}]